,palavra_chave,score,intent,Unnamed: 0.18,Unnamed: 0.17,Unnamed: 0.16,Unnamed: 0.15,Unnamed: 0.14,Unnamed: 0.13,Unnamed: 0.12,Unnamed: 0.11,Unnamed: 0.10,Unnamed: 0.9,Unnamed: 0.8,Unnamed: 0.7,Unnamed: 0.6,Unnamed: 0.5,Unnamed: 0.4,Unnamed: 0.3,Unnamed: 0.2,Unnamed: 0.1,Unnamed: 0
0,digital transformation,1.0,Digital Transformation,,,,,,,,,,,,,,,,,,,
1,innovation digital,0.65,Innovation Digital,,,,,,,,,,,,,,,,,,,
2,digital innovation,0.68,Innovation Digital,,,,,,,,,,,,,,,,,,,
3,digital transformation business,0.88,Digital Transformation,,,,,,,,,,,,,,,,,,,
4,business model iot,0.22,Innovation Digital,,,,,,,,,,,,,,,,,,,
5,explore digital transformation,0.92,Digital Transformation,,,,,,,,,,,,,,,,,,,
6,innovative businesses digital,0.54,Innovation Digital,,,,,,,,,,,,,,,,,,,
7,ongoing digital transformation,0.92,Digital Transformation,,,,,,,,,,,,,,,,,,,
8,embrace digital innovation,0.62,Innovation Digital,,,,,,,,,,,,,,,,,,,
9,digital capabilities sme,0.55,Innovation Digital,,,,,,,,,,,,,,,,,,,
10,corporate venture capital,0.11,Corporate Venture Capital,,,,,,,,,,,,,,,,,,,
11,business model innova,0.23,Innovation Digital,,,,,,,,,,,,,,,,,,,
12,businesses digital,0.62,Innovation Digital,,,,,,,,,,,,,,,,,,,
13,service innovation capabilities,0.3,Innovation Digital,,,,,,,,,,,,,,,,,,,
14,firm innovativeness digital,0.49,Innovation Digital,,,,,,,,,,,,,,,,,,,
15,digital capabilities,0.7,Digital Transformation,,,,,,,,,,,,,,,,,,,
16,digital innovation knowledge,0.5,Innovation Digital,,,,,,,,,,,,,,,,,,,
17,business model innovation,0.25,Innovation Digital,,,,,,,,,,,,,,,,,,,
18,dynamic capabilities theoretical,0.3,Innovation Digital,,,,,,,,,,,,,,,,,,,
19,financing disruptive technologies,0.29,Corporate Venture Capital,,,,,,,,,,,,,,,,,,,
0,digital transformation,1.0,Digital Transformation,0.0,,,,,,,,,,,,,,,,,,
1,innovation digital,0.65,Innovation Digital,1.0,,,,,,,,,,,,,,,,,,
2,digital innovation,0.68,Innovation Digital,2.0,,,,,,,,,,,,,,,,,,
3,digital transformation business,0.88,Digital Transformation,3.0,,,,,,,,,,,,,,,,,,
4,business model iot,0.22,Innovation Digital,4.0,,,,,,,,,,,,,,,,,,
5,explore digital transformation,0.92,Digital Transformation,5.0,,,,,,,,,,,,,,,,,,
6,innovative businesses digital,0.54,Innovation Digital,6.0,,,,,,,,,,,,,,,,,,
7,ongoing digital transformation,0.92,Digital Transformation,7.0,,,,,,,,,,,,,,,,,,
8,embrace digital innovation,0.62,Innovation Digital,8.0,,,,,,,,,,,,,,,,,,
9,digital capabilities sme,0.55,Innovation Digital,9.0,,,,,,,,,,,,,,,,,,
10,corporate venture capital,0.11,Corporate Venture Capital,10.0,,,,,,,,,,,,,,,,,,
11,business model innova,0.23,Innovation Digital,11.0,,,,,,,,,,,,,,,,,,
12,businesses digital,0.62,Innovation Digital,12.0,,,,,,,,,,,,,,,,,,
13,service innovation capabilities,0.3,Innovation Digital,13.0,,,,,,,,,,,,,,,,,,
14,firm innovativeness digital,0.49,Innovation Digital,14.0,,,,,,,,,,,,,,,,,,
15,digital capabilities,0.7,Digital Transformation,15.0,,,,,,,,,,,,,,,,,,
16,digital innovation knowledge,0.5,Innovation Digital,16.0,,,,,,,,,,,,,,,,,,
17,business model innovation,0.25,Innovation Digital,17.0,,,,,,,,,,,,,,,,,,
18,dynamic capabilities theoretical,0.3,Innovation Digital,18.0,,,,,,,,,,,,,,,,,,
19,financing disruptive technologies,0.29,Corporate Venture Capital,19.0,,,,,,,,,,,,,,,,,,
20,digital transformation,1.0,Digital Transformation,0.0,0.0,,,,,,,,,,,,,,,,,
21,innovation digital,0.65,Innovation Digital,1.0,1.0,,,,,,,,,,,,,,,,,
22,digital innovation,0.68,Innovation Digital,2.0,2.0,,,,,,,,,,,,,,,,,
23,digital transformation business,0.88,Digital Transformation,3.0,3.0,,,,,,,,,,,,,,,,,
24,business model iot,0.22,Innovation Digital,4.0,4.0,,,,,,,,,,,,,,,,,
25,explore digital transformation,0.92,Digital Transformation,5.0,5.0,,,,,,,,,,,,,,,,,
26,innovative businesses digital,0.54,Innovation Digital,6.0,6.0,,,,,,,,,,,,,,,,,
27,ongoing digital transformation,0.92,Digital Transformation,7.0,7.0,,,,,,,,,,,,,,,,,
28,embrace digital innovation,0.62,Innovation Digital,8.0,8.0,,,,,,,,,,,,,,,,,
29,digital capabilities sme,0.55,Innovation Digital,9.0,9.0,,,,,,,,,,,,,,,,,
30,corporate venture capital,0.11,Corporate Venture Capital,10.0,10.0,,,,,,,,,,,,,,,,,
31,business model innova,0.23,Innovation Digital,11.0,11.0,,,,,,,,,,,,,,,,,
32,businesses digital,0.62,Innovation Digital,12.0,12.0,,,,,,,,,,,,,,,,,
33,service innovation capabilities,0.3,Innovation Digital,13.0,13.0,,,,,,,,,,,,,,,,,
34,firm innovativeness digital,0.49,Innovation Digital,14.0,14.0,,,,,,,,,,,,,,,,,
35,digital capabilities,0.7,Digital Transformation,15.0,15.0,,,,,,,,,,,,,,,,,
36,digital innovation knowledge,0.5,Innovation Digital,16.0,16.0,,,,,,,,,,,,,,,,,
37,business model innovation,0.25,Innovation Digital,17.0,17.0,,,,,,,,,,,,,,,,,
38,dynamic capabilities theoretical,0.3,Innovation Digital,18.0,18.0,,,,,,,,,,,,,,,,,
39,financing disruptive technologies,0.29,Corporate Venture Capital,19.0,19.0,,,,,,,,,,,,,,,,,
40,digital transformation,0.75,Digital Transformation,20.0,0.0,0.0,,,,,,,,,,,,,,,,
41,digital transformation public,0.74,Digital Transformation,21.0,1.0,1.0,,,,,,,,,,,,,,,,
42,term digital transformation,0.69,Digital Transformation,22.0,2.0,2.0,,,,,,,,,,,,,,,,
43,achieved digital transformation,0.75,Digital Transformation,23.0,3.0,3.0,,,,,,,,,,,,,,,,
44,public administrations transforming,0.51,Transformation Public Administration,24.0,4.0,4.0,,,,,,,,,,,,,,,,
45,transformation public administration,0.57,Transformation Public Administration,25.0,5.0,5.0,,,,,,,,,,,,,,,,
46,transformational government,0.45,Transformation Public Administration,26.0,6.0,6.0,,,,,,,,,,,,,,,,
47,grounded theory examines,0.28,Grounded Theory,27.0,7.0,7.0,,,,,,,,,,,,,,,,
48,digital government transformational,0.68,Transformation Public Administration,28.0,8.0,8.0,,,,,,,,,,,,,,,,
49,defining digital transformation,0.72,Digital Transformation,29.0,9.0,9.0,,,,,,,,,,,,,,,,
50,results digital transformation,0.65,Digital Transformation,30.0,10.0,10.0,,,,,,,,,,,,,,,,
51,approaching digital transformation,0.75,Digital Transformation,31.0,11.0,11.0,,,,,,,,,,,,,,,,
52,digital transformation provide,0.73,Digital Transformation,32.0,12.0,12.0,,,,,,,,,,,,,,,,
53,grounded theory,0.27,Grounded Theory,33.0,13.0,13.0,,,,,,,,,,,,,,,,
54,digital transformation outcomes,0.74,Digital Transformation,34.0,14.0,14.0,,,,,,,,,,,,,,,,
55,used grounded theory,0.24,Grounded Theory,35.0,15.0,15.0,,,,,,,,,,,,,,,,
56,grounded theory approach,0.29,Grounded Theory,36.0,16.0,16.0,,,,,,,,,,,,,,,,
57,grounded theory aims,0.26,Grounded Theory,37.0,17.0,17.0,,,,,,,,,,,,,,,,
58,result digital transformation,0.62,Digital Transformation,38.0,18.0,18.0,,,,,,,,,,,,,,,,
59,digital transformation experts,0.77,Digital Transformation,39.0,19.0,19.0,,,,,,,,,,,,,,,,
60,digital transformation leadership,0.75,Digital Transformation Leadership,40.0,20.0,0.0,0.0,,,,,,,,,,,,,,,
61,digital leadership,0.6,Digital Transformation Leadership,41.0,21.0,1.0,1.0,,,,,,,,,,,,,,,
62,transformation leadership dtl,0.49,Digital Transformation Leadership,42.0,22.0,2.0,2.0,,,,,,,,,,,,,,,
63,digital transformation organisations,0.84,Digital Transformation Organisations,43.0,23.0,3.0,3.0,,,,,,,,,,,,,,,
64,digital leadership digital,0.64,Digital Transformation Leadership,44.0,24.0,4.0,4.0,,,,,,,,,,,,,,,
65,data governance telecommunications,0.42,Digital Transformation Organisations,45.0,25.0,5.0,5.0,,,,,,,,,,,,,,,
66,leadership digital transformation,0.74,Digital Transformation Leadership,46.0,26.0,6.0,6.0,,,,,,,,,,,,,,,
67,digital transformation leaders,0.79,Digital Transformation Leadership,47.0,27.0,7.0,7.0,,,,,,,,,,,,,,,
68,transformation leadership digital,0.73,Digital Transformation Leadership,48.0,28.0,8.0,8.0,,,,,,,,,,,,,,,
69,strategist digital leaders,0.51,Digital Transformation Leadership,49.0,29.0,9.0,9.0,,,,,,,,,,,,,,,
70,digital transformation executive,0.83,Digital Transformation Organisations,50.0,30.0,10.0,10.0,,,,,,,,,,,,,,,
71,digital transformation strategic,0.84,Digital Transformation Organisations,51.0,31.0,11.0,11.0,,,,,,,,,,,,,,,
72,transformation digital culturalist,0.78,Digital Transformation Organisations,52.0,32.0,12.0,12.0,,,,,,,,,,,,,,,
73,leading digital transformation,0.91,Digital Transformation Organisations,53.0,33.0,13.0,13.0,,,,,,,,,,,,,,,
74,digital officer cdo,0.45,Cdo Digital Workplace,54.0,34.0,14.0,14.0,,,,,,,,,,,,,,,
75,cdo digital workplace,0.5,Cdo Digital Workplace,55.0,35.0,15.0,15.0,,,,,,,,,,,,,,,
76,cdo digital strategist,0.43,Cdo Digital Workplace,56.0,36.0,16.0,16.0,,,,,,,,,,,,,,,
77,data governance activities,0.34,Digital Transformation Organisations,57.0,37.0,17.0,17.0,,,,,,,,,,,,,,,
78,ceo digital strategist,0.44,Digital Transformation Organisations,58.0,38.0,18.0,18.0,,,,,,,,,,,,,,,
79,customer centricity develop,0.25,Cdo Digital Workplace,59.0,39.0,19.0,19.0,,,,,,,,,,,,,,,
80,digital transformation,1.0,Digital Transformation,60.0,40.0,20.0,0.0,0.0,,,,,,,,,,,,,,
81,innovation digital,0.65,Innovation Digital,61.0,41.0,21.0,1.0,1.0,,,,,,,,,,,,,,
82,digital innovation,0.68,Innovation Digital,62.0,42.0,22.0,2.0,2.0,,,,,,,,,,,,,,
83,digital transformation business,0.88,Digital Transformation,63.0,43.0,23.0,3.0,3.0,,,,,,,,,,,,,,
84,business model iot,0.22,Innovation Digital,64.0,44.0,24.0,4.0,4.0,,,,,,,,,,,,,,
85,explore digital transformation,0.92,Digital Transformation,65.0,45.0,25.0,5.0,5.0,,,,,,,,,,,,,,
86,innovative businesses digital,0.54,Innovation Digital,66.0,46.0,26.0,6.0,6.0,,,,,,,,,,,,,,
87,ongoing digital transformation,0.92,Digital Transformation,67.0,47.0,27.0,7.0,7.0,,,,,,,,,,,,,,
88,embrace digital innovation,0.62,Innovation Digital,68.0,48.0,28.0,8.0,8.0,,,,,,,,,,,,,,
89,digital capabilities sme,0.55,Innovation Digital,69.0,49.0,29.0,9.0,9.0,,,,,,,,,,,,,,
90,corporate venture capital,0.11,Corporate Venture Capital,70.0,50.0,30.0,10.0,10.0,,,,,,,,,,,,,,
91,business model innova,0.23,Innovation Digital,71.0,51.0,31.0,11.0,11.0,,,,,,,,,,,,,,
92,businesses digital,0.62,Innovation Digital,72.0,52.0,32.0,12.0,12.0,,,,,,,,,,,,,,
93,service innovation capabilities,0.3,Innovation Digital,73.0,53.0,33.0,13.0,13.0,,,,,,,,,,,,,,
94,firm innovativeness digital,0.49,Innovation Digital,74.0,54.0,34.0,14.0,14.0,,,,,,,,,,,,,,
95,digital capabilities,0.7,Digital Transformation,75.0,55.0,35.0,15.0,15.0,,,,,,,,,,,,,,
96,digital innovation knowledge,0.5,Innovation Digital,76.0,56.0,36.0,16.0,16.0,,,,,,,,,,,,,,
97,business model innovation,0.25,Innovation Digital,77.0,57.0,37.0,17.0,17.0,,,,,,,,,,,,,,
98,dynamic capabilities theoretical,0.3,Innovation Digital,78.0,58.0,38.0,18.0,18.0,,,,,,,,,,,,,,
99,financing disruptive technologies,0.29,Corporate Venture Capital,79.0,59.0,39.0,19.0,19.0,,,,,,,,,,,,,,
100,digital transformation,0.77,Digital Transformation,80.0,60.0,40.0,20.0,0.0,0.0,,,,,,,,,,,,,
101,research digital transformation,0.75,Assess Digital Transformation,81.0,61.0,41.0,21.0,1.0,1.0,,,,,,,,,,,,,
102,transformation digital resources,0.74,Digital Transformation,82.0,62.0,42.0,22.0,2.0,2.0,,,,,,,,,,,,,
103,digitalization digital transformation,0.75,Digital Transformation,83.0,63.0,43.0,23.0,3.0,3.0,,,,,,,,,,,,,
104,conceptualize digital transformation,0.76,Assess Digital Transformation,84.0,64.0,44.0,24.0,4.0,4.0,,,,,,,,,,,,,
105,new digital business,0.58,Digital Transformation Strategic,85.0,65.0,45.0,25.0,5.0,5.0,,,,,,,,,,,,,
106,digital transformation strategic,0.8,Digital Transformation Strategic,86.0,66.0,46.0,26.0,6.0,6.0,,,,,,,,,,,,,
107,digital transformation assets,0.79,Digital Transformation Strategic,87.0,67.0,47.0,27.0,7.0,7.0,,,,,,,,,,,,,
108,digital transformation performance,0.74,Assess Digital Transformation,88.0,68.0,48.0,28.0,8.0,8.0,,,,,,,,,,,,,
109,assesses digital transformation,0.77,Assess Digital Transformation,89.0,69.0,49.0,29.0,9.0,9.0,,,,,,,,,,,,,
110,transformation digital technology,0.78,Digital Transformation,90.0,70.0,50.0,30.0,10.0,10.0,,,,,,,,,,,,,
111,digital transformation regarding,0.76,Digital Transformation,91.0,71.0,51.0,31.0,11.0,11.0,,,,,,,,,,,,,
112,digital transformation strategies,0.78,Digital Transformation Strategic,92.0,72.0,52.0,32.0,12.0,12.0,,,,,,,,,,,,,
113,strategy digital transformation,0.78,Digital Transformation Strategic,93.0,73.0,53.0,33.0,13.0,13.0,,,,,,,,,,,,,
114,assess digital transformation,0.78,Assess Digital Transformation,94.0,74.0,54.0,34.0,14.0,14.0,,,,,,,,,,,,,
115,digital transformation organization,0.79,Digital Transformation,95.0,75.0,55.0,35.0,15.0,15.0,,,,,,,,,,,,,
116,digital transformation important,0.73,Digital Transformation,96.0,76.0,56.0,36.0,16.0,16.0,,,,,,,,,,,,,
117,discussed digital transformation,0.76,Digital Transformation,97.0,77.0,57.0,37.0,17.0,17.0,,,,,,,,,,,,,
118,digital transformation conceptualized,0.77,Assess Digital Transformation,98.0,78.0,58.0,38.0,18.0,18.0,,,,,,,,,,,,,
119,digitally digital transformation,0.75,Digital Transformation,99.0,79.0,59.0,39.0,19.0,19.0,,,,,,,,,,,,,
120,capabilities digital transformation,0.12,Dynamic Capabilities Digital,100.0,80.0,60.0,40.0,20.0,0.0,0.0,,,,,,,,,,,,
121,dynamic capabilities digital,0.14,Dynamic Capabilities Digital,101.0,81.0,61.0,41.0,21.0,1.0,1.0,,,,,,,,,,,,
122,digital transforming capabilities,0.09,Digital Transformation Ongoing,102.0,82.0,62.0,42.0,22.0,2.0,2.0,,,,,,,,,,,,
123,digital transformation incumbent,0.11,Digital Transformation Ongoing,103.0,83.0,63.0,43.0,23.0,3.0,3.0,,,,,,,,,,,,
124,digital transformation strategic,0.2,Digital Transformation Ongoing,104.0,84.0,64.0,44.0,24.0,4.0,4.0,,,,,,,,,,,,
125,dynamic capabilities strategic,0.24,Dynamic Capabilities Digital,105.0,85.0,65.0,45.0,25.0,5.0,5.0,,,,,,,,,,,,
126,new capabilities digital,0.12,Dynamic Capabilities Digital,106.0,86.0,66.0,46.0,26.0,6.0,6.0,,,,,,,,,,,,
127,digital transformation findings,0.12,Digital Transformation Ongoing,107.0,87.0,67.0,47.0,27.0,7.0,7.0,,,,,,,,,,,,
128,dynamic capabilities,0.15,Dynamic Capabilities Digital,108.0,88.0,68.0,48.0,28.0,8.0,8.0,,,,,,,,,,,,
129,digital transformation ongoing,0.11,Digital Transformation Ongoing,109.0,89.0,69.0,49.0,29.0,9.0,9.0,,,,,,,,,,,,
130,firm digital transformation,0.21,Digital Transformation Ongoing,110.0,90.0,70.0,50.0,30.0,10.0,10.0,,,,,,,,,,,,
131,business model evolution,0.35,Business Model Transformation,111.0,91.0,71.0,51.0,31.0,11.0,11.0,,,,,,,,,,,,
132,ongoing digital transformation,0.1,Digital Transformation Ongoing,112.0,92.0,72.0,52.0,32.0,12.0,12.0,,,,,,,,,,,,
133,capabilities digital,0.13,Dynamic Capabilities Digital,113.0,93.0,73.0,53.0,33.0,13.0,13.0,,,,,,,,,,,,
134,transformation business models,0.3,Business Model Transformation,114.0,94.0,74.0,54.0,34.0,14.0,14.0,,,,,,,,,,,,
135,digital corporate strategy,0.31,Dynamic Capabilities Digital,115.0,95.0,75.0,55.0,35.0,15.0,15.0,,,,,,,,,,,,
136,digital transformation business,0.22,Digital Transformation Ongoing,116.0,96.0,76.0,56.0,36.0,16.0,16.0,,,,,,,,,,,,
137,business model transformation,0.29,Business Model Transformation,117.0,97.0,77.0,57.0,37.0,17.0,17.0,,,,,,,,,,,,
138,digital strategy,0.19,Dynamic Capabilities Digital,118.0,98.0,78.0,58.0,38.0,18.0,18.0,,,,,,,,,,,,
139,digital innovation,0.16,Digital Transformation Ongoing,119.0,99.0,79.0,59.0,39.0,19.0,19.0,,,,,,,,,,,,
140,harvard business review,0.17,Sloan Management Review,120.0,100.0,80.0,60.0,40.0,20.0,0.0,0.0,,,,,,,,,,,
141,digital transformation,0.53,Digital Transformation Strategies,121.0,101.0,81.0,61.0,41.0,21.0,1.0,1.0,,,,,,,,,,,
142,managing digital transformation,0.55,Digital Transformation Strategies,122.0,102.0,82.0,62.0,42.0,22.0,2.0,2.0,,,,,,,,,,,
143,firm digital transformation,0.53,Digital Transformation Strategies,123.0,103.0,83.0,63.0,43.0,23.0,3.0,3.0,,,,,,,,,,,
144,digital leadership,0.52,Digital Transformation Strategies,124.0,104.0,84.0,64.0,44.0,24.0,4.0,4.0,,,,,,,,,,,
145,digital leaders,0.49,Digital Transformation Strategies,125.0,105.0,85.0,65.0,45.0,25.0,5.0,5.0,,,,,,,,,,,
146,practitioner oriented journals,0.3,Sloan Management Review,126.0,106.0,86.0,66.0,46.0,26.0,6.0,6.0,,,,,,,,,,,
147,sloan management review,0.2,Sloan Management Review,127.0,107.0,87.0,67.0,47.0,27.0,7.0,7.0,,,,,,,,,,,
148,digital transformation practice,0.47,Digital Transformation Strategies,128.0,108.0,88.0,68.0,48.0,28.0,8.0,8.0,,,,,,,,,,,
149,digital transformation strategies,0.54,Digital Transformation Strategies,129.0,109.0,89.0,69.0,49.0,29.0,9.0,9.0,,,,,,,,,,,
150,digital transformation endeavours,0.55,Digital Transformation Strategies,130.0,110.0,90.0,70.0,50.0,30.0,10.0,10.0,,,,,,,,,,,
151,digital transformation challenges,0.55,Digital Transformation Strategies,131.0,111.0,91.0,71.0,51.0,31.0,11.0,11.0,,,,,,,,,,,
152,organizations digital transformation,0.58,Digital Transformation Strategies,132.0,112.0,92.0,72.0,52.0,32.0,12.0,12.0,,,,,,,,,,,
153,strategy digital strategy,0.52,Digital Strategy,133.0,113.0,93.0,73.0,53.0,33.0,13.0,13.0,,,,,,,,,,,
154,digital strategy,0.62,Digital Strategy,134.0,114.0,94.0,74.0,54.0,34.0,14.0,14.0,,,,,,,,,,,
155,strategy digital,0.6,Digital Strategy,135.0,115.0,95.0,75.0,55.0,35.0,15.0,15.0,,,,,,,,,,,
156,research digital transformation,0.56,Digital Transformation Strategies,136.0,116.0,96.0,76.0,56.0,36.0,16.0,16.0,,,,,,,,,,,
157,digital strategy just,0.59,Digital Strategy,137.0,117.0,97.0,77.0,57.0,37.0,17.0,17.0,,,,,,,,,,,
158,digital transformation literature,0.53,Digital Transformation Strategies,138.0,118.0,98.0,78.0,58.0,38.0,18.0,18.0,,,,,,,,,,,
159,digital transformation activities,0.56,Digital Transformation Strategies,139.0,119.0,99.0,79.0,59.0,39.0,19.0,19.0,,,,,,,,,,,
160,digital ecosystems,0.53,Industry Digital,140.0,120.0,100.0,80.0,60.0,40.0,20.0,0.0,0.0,,,,,,,,,,
161,digital innovation,0.68,Industry Digital,141.0,121.0,101.0,81.0,61.0,41.0,21.0,1.0,1.0,,,,,,,,,,
162,digital transformation,1.0,Industry Digital,142.0,122.0,102.0,82.0,62.0,42.0,22.0,2.0,2.0,,,,,,,,,,
163,firms digital transformation,0.81,Industry Digital,143.0,123.0,103.0,83.0,63.0,43.0,23.0,3.0,3.0,,,,,,,,,,
164,distributed manufacturing prominent,0.3,Distributed Manufacturing,144.0,124.0,104.0,84.0,64.0,44.0,24.0,4.0,4.0,,,,,,,,,,
165,distributed manufacturing,0.33,Distributed Manufacturing,145.0,125.0,105.0,85.0,65.0,45.0,25.0,5.0,5.0,,,,,,,,,,
166,digital servitization business,0.66,Industry Digital,146.0,126.0,106.0,86.0,66.0,46.0,26.0,6.0,6.0,,,,,,,,,,
167,digital sustainable entrepreneurship,0.41,Industry Digital,147.0,127.0,107.0,87.0,67.0,47.0,27.0,7.0,7.0,,,,,,,,,,
168,firm capabilities vertical,0.17,Industry Digital,148.0,128.0,108.0,88.0,68.0,48.0,28.0,8.0,8.0,,,,,,,,,,
169,organization digital economy,0.52,Industry Digital,149.0,129.0,109.0,89.0,69.0,49.0,29.0,9.0,9.0,,,,,,,,,,
170,sustainability affects dt,0.27,Sustainability Affects Dt,150.0,130.0,110.0,90.0,70.0,50.0,30.0,10.0,10.0,,,,,,,,,,
171,distributed manufacturing facilities,0.26,Distributed Manufacturing,151.0,131.0,111.0,91.0,71.0,51.0,31.0,11.0,11.0,,,,,,,,,,
172,firm digital transformation,0.85,Industry Digital,152.0,132.0,112.0,92.0,72.0,52.0,32.0,12.0,12.0,,,,,,,,,,
173,dt impact sustainability,0.31,Sustainability Affects Dt,153.0,133.0,113.0,93.0,73.0,53.0,33.0,13.0,13.0,,,,,,,,,,
174,leverages distributed manufacturing,0.28,Distributed Manufacturing,154.0,134.0,114.0,94.0,74.0,54.0,34.0,14.0,14.0,,,,,,,,,,
175,structure digital ecosystems,0.49,Industry Digital,155.0,135.0,115.0,95.0,75.0,55.0,35.0,15.0,15.0,,,,,,,,,,
176,supply chains digital,0.54,Industry Digital,156.0,136.0,116.0,96.0,76.0,56.0,36.0,16.0,16.0,,,,,,,,,,
177,digital innovation management,0.56,Industry Digital,157.0,137.0,117.0,97.0,77.0,57.0,37.0,17.0,17.0,,,,,,,,,,
178,industry digital,0.67,Industry Digital,158.0,138.0,118.0,98.0,78.0,58.0,38.0,18.0,18.0,,,,,,,,,,
179,firm hierarchical organization,0.19,Industry Digital,159.0,139.0,119.0,99.0,79.0,59.0,39.0,19.0,19.0,,,,,,,,,,
180,digital transformation,1.0,Digital Transformation Research,160.0,140.0,120.0,100.0,80.0,60.0,40.0,20.0,0.0,0.0,,,,,,,,,
181,digital transformation literature,0.86,Digital Transformation Research,161.0,141.0,121.0,101.0,81.0,61.0,41.0,21.0,1.0,1.0,,,,,,,,,
182,business model innovation,0.25,Business Model Innovation,162.0,142.0,122.0,102.0,82.0,62.0,42.0,22.0,2.0,2.0,,,,,,,,,
183,digital business strategy,0.6,Digital Transformation Research,163.0,143.0,123.0,103.0,83.0,63.0,43.0,23.0,3.0,3.0,,,,,,,,,
184,digital transformation research,0.92,Digital Transformation Research,164.0,144.0,124.0,104.0,84.0,64.0,44.0,24.0,4.0,4.0,,,,,,,,,
185,digital transformation organizational,0.86,Digital Transformation Research,165.0,145.0,125.0,105.0,85.0,65.0,45.0,25.0,5.0,5.0,,,,,,,,,
186,digital innovation,0.68,Digital Transformation Research,166.0,146.0,126.0,106.0,86.0,66.0,46.0,26.0,6.0,6.0,,,,,,,,,
187,digital transformation review,0.89,Digital Transformation Research,167.0,147.0,127.0,107.0,87.0,67.0,47.0,27.0,7.0,7.0,,,,,,,,,
188,digital business,0.67,Digital Transformation Research,168.0,148.0,128.0,108.0,88.0,68.0,48.0,28.0,8.0,8.0,,,,,,,,,
189,research digital transformation,0.86,Digital Transformation Research,169.0,149.0,129.0,109.0,89.0,69.0,49.0,29.0,9.0,9.0,,,,,,,,,
190,adopt digital transformation,0.91,Digital Transformation Research,170.0,150.0,130.0,110.0,90.0,70.0,50.0,30.0,10.0,10.0,,,,,,,,,
191,digital transformation different,0.92,Digital Transformation Research,171.0,151.0,131.0,111.0,91.0,71.0,51.0,31.0,11.0,11.0,,,,,,,,,
192,digital transformation new,0.96,Digital Transformation Research,172.0,152.0,132.0,112.0,92.0,72.0,52.0,32.0,12.0,12.0,,,,,,,,,
193,disruptive innovation theory,0.29,Disruptive Innovation Theory,173.0,153.0,133.0,113.0,93.0,73.0,53.0,33.0,13.0,13.0,,,,,,,,,
194,enabled organizational transformation,0.58,Digital Transformation Research,174.0,154.0,134.0,114.0,94.0,74.0,54.0,34.0,14.0,14.0,,,,,,,,,
195,corporate entrepreneurship,0.13,Disruptive Innovation Theory,175.0,155.0,135.0,115.0,95.0,75.0,55.0,35.0,15.0,15.0,,,,,,,,,
196,model innovation,0.3,Business Model Innovation,176.0,156.0,136.0,116.0,96.0,76.0,56.0,36.0,16.0,16.0,,,,,,,,,
197,disruptive business model,0.27,Disruptive Innovation Theory,177.0,157.0,137.0,117.0,97.0,77.0,57.0,37.0,17.0,17.0,,,,,,,,,
198,market technology capability,0.33,Business Model Innovation,178.0,158.0,138.0,118.0,98.0,78.0,58.0,38.0,18.0,18.0,,,,,,,,,
199,market technology,0.35,Disruptive Innovation Theory,179.0,159.0,139.0,119.0,99.0,79.0,59.0,39.0,19.0,19.0,,,,,,,,,
200,digital transformation,0.47,Transformation Digital Innovation,180.0,160.0,140.0,120.0,100.0,80.0,60.0,40.0,20.0,0.0,0.0,,,,,,,,
201,digital transformation strategy,0.5,Transformation Digital Innovation,181.0,161.0,141.0,121.0,101.0,81.0,61.0,41.0,21.0,1.0,1.0,,,,,,,,
202,digital innovation,0.59,Transformation Digital Innovation,182.0,162.0,142.0,122.0,102.0,82.0,62.0,42.0,22.0,2.0,2.0,,,,,,,,
203,organizational transformation digital,0.59,Transformation Digital Innovation,183.0,163.0,143.0,123.0,103.0,83.0,63.0,43.0,23.0,3.0,3.0,,,,,,,,
204,research paper empirical,0.22,Et Al,184.0,164.0,144.0,124.0,104.0,84.0,64.0,44.0,24.0,4.0,4.0,,,,,,,,
205,term digital technologies,0.51,Transformation Digital Innovation,185.0,165.0,145.0,125.0,105.0,85.0,65.0,45.0,25.0,5.0,5.0,,,,,,,,
206,digital technologies alter,0.49,Transformation Digital Innovation,186.0,166.0,146.0,126.0,106.0,86.0,66.0,46.0,26.0,6.0,6.0,,,,,,,,
207,impacts digital transformation,0.49,Transformation Digital Innovation,187.0,167.0,147.0,127.0,107.0,87.0,67.0,47.0,27.0,7.0,7.0,,,,,,,,
208,digital innovation mis,0.58,Transformation Digital Innovation,188.0,168.0,148.0,128.0,108.0,88.0,68.0,48.0,28.0,8.0,8.0,,,,,,,,
209,digital business strategy,0.7,Transformation Digital Innovation,189.0,169.0,149.0,129.0,109.0,89.0,69.0,49.0,29.0,9.0,9.0,,,,,,,,
210,digital platforms ecosystems,0.79,Digital Platforms Ecosystems,190.0,170.0,150.0,130.0,110.0,90.0,70.0,50.0,30.0,10.0,10.0,,,,,,,,
211,strategic research dt,0.4,Transformation Digital Innovation,191.0,171.0,151.0,131.0,111.0,91.0,71.0,51.0,31.0,11.0,11.0,,,,,,,,
212,transformational information technology,0.43,Transformation Digital Innovation,192.0,172.0,152.0,132.0,112.0,92.0,72.0,52.0,32.0,12.0,12.0,,,,,,,,
213,use digital technologies,0.48,Transformation Digital Innovation,193.0,173.0,153.0,133.0,113.0,93.0,73.0,53.0,33.0,13.0,13.0,,,,,,,,
214,dremel et al,0.17,Et Al,194.0,174.0,154.0,134.0,114.0,94.0,74.0,54.0,34.0,14.0,14.0,,,,,,,,
215,et al,0.14,Et Al,195.0,175.0,155.0,135.0,115.0,95.0,75.0,55.0,35.0,15.0,15.0,,,,,,,,
216,organizational actors,0.42,Digital Platforms Ecosystems,196.0,176.0,156.0,136.0,116.0,96.0,76.0,56.0,36.0,16.0,16.0,,,,,,,,
217,et al 2016,0.08,Et Al,197.0,177.0,157.0,137.0,117.0,97.0,77.0,57.0,37.0,17.0,17.0,,,,,,,,
218,kane et al,0.04,Et Al,198.0,178.0,158.0,138.0,118.0,98.0,78.0,58.0,38.0,18.0,18.0,,,,,,,,
219,transformation digital innovation,0.54,Transformation Digital Innovation,199.0,179.0,159.0,139.0,119.0,99.0,79.0,59.0,39.0,19.0,19.0,,,,,,,,
220,digital business ecosystems,0.47,Business Ecosystems,200.0,180.0,160.0,140.0,120.0,100.0,80.0,60.0,40.0,20.0,0.0,0.0,,,,,,,
221,organizational change,0.48,Organizational Change,201.0,181.0,161.0,141.0,121.0,101.0,81.0,61.0,41.0,21.0,1.0,1.0,,,,,,,
222,organizational change innovation,0.43,Organizational Change,202.0,182.0,162.0,142.0,122.0,102.0,82.0,62.0,42.0,22.0,2.0,2.0,,,,,,,
223,digital transformation,1.0,Organizational Change,203.0,183.0,163.0,143.0,123.0,103.0,83.0,63.0,43.0,23.0,3.0,3.0,,,,,,,
224,organizational change literature,0.38,Organizational Change,204.0,184.0,164.0,144.0,124.0,104.0,84.0,64.0,44.0,24.0,4.0,4.0,,,,,,,
225,organizational change processes,0.43,Organizational Change,205.0,185.0,165.0,145.0,125.0,105.0,85.0,65.0,45.0,25.0,5.0,5.0,,,,,,,
226,dt organizational change,0.48,Organizational Change,206.0,186.0,166.0,146.0,126.0,106.0,86.0,66.0,46.0,26.0,6.0,6.0,,,,,,,
227,business ecosystems,0.18,Business Ecosystems,207.0,187.0,167.0,147.0,127.0,107.0,87.0,67.0,47.0,27.0,7.0,7.0,,,,,,,
228,organizational transformation,0.65,Organizational Change,208.0,188.0,168.0,148.0,128.0,108.0,88.0,68.0,48.0,28.0,8.0,8.0,,,,,,,
229,digital business strategy,0.6,Organizational Change,209.0,189.0,169.0,149.0,129.0,109.0,89.0,69.0,49.0,29.0,9.0,9.0,,,,,,,
230,digital organizational,0.66,Organizational Change,210.0,190.0,170.0,150.0,130.0,110.0,90.0,70.0,50.0,30.0,10.0,10.0,,,,,,,
231,turbulent digital business,0.59,Organizational Change,211.0,191.0,171.0,151.0,131.0,111.0,91.0,71.0,51.0,31.0,11.0,11.0,,,,,,,
232,digital business,0.67,Organizational Change,212.0,192.0,172.0,152.0,132.0,112.0,92.0,72.0,52.0,32.0,12.0,12.0,,,,,,,
233,wiley online library,0.06,Wiley Online Library,213.0,193.0,173.0,153.0,133.0,113.0,93.0,73.0,53.0,33.0,13.0,13.0,,,,,,,
234,digital transformation organizational,0.86,Organizational Change,214.0,194.0,174.0,154.0,134.0,114.0,94.0,74.0,54.0,34.0,14.0,14.0,,,,,,,
235,innovation mechanisms dt,0.38,Organizational Change,215.0,195.0,175.0,155.0,135.0,115.0,95.0,75.0,55.0,35.0,15.0,15.0,,,,,,,
236,organizational change used,0.43,Organizational Change,216.0,196.0,176.0,156.0,136.0,116.0,96.0,76.0,56.0,36.0,16.0,16.0,,,,,,,
237,organizational change explained,0.42,Organizational Change,217.0,197.0,177.0,157.0,137.0,117.0,97.0,77.0,57.0,37.0,17.0,17.0,,,,,,,
238,organizational processes change,0.4,Organizational Change,218.0,198.0,178.0,158.0,138.0,118.0,98.0,78.0,58.0,38.0,18.0,18.0,,,,,,,
239,organizational change process,0.45,Organizational Change,219.0,199.0,179.0,159.0,139.0,119.0,99.0,79.0,59.0,39.0,19.0,19.0,,,,,,,
240,digital transformation,0.77,Digital Transformation,220.0,200.0,180.0,160.0,140.0,120.0,100.0,80.0,60.0,40.0,20.0,0.0,0.0,,,,,,
241,research digital transformation,0.75,Assess Digital Transformation,221.0,201.0,181.0,161.0,141.0,121.0,101.0,81.0,61.0,41.0,21.0,1.0,1.0,,,,,,
242,transformation digital resources,0.74,Digital Transformation,222.0,202.0,182.0,162.0,142.0,122.0,102.0,82.0,62.0,42.0,22.0,2.0,2.0,,,,,,
243,digitalization digital transformation,0.75,Digital Transformation,223.0,203.0,183.0,163.0,143.0,123.0,103.0,83.0,63.0,43.0,23.0,3.0,3.0,,,,,,
244,conceptualize digital transformation,0.76,Assess Digital Transformation,224.0,204.0,184.0,164.0,144.0,124.0,104.0,84.0,64.0,44.0,24.0,4.0,4.0,,,,,,
245,new digital business,0.58,Digital Transformation Strategic,225.0,205.0,185.0,165.0,145.0,125.0,105.0,85.0,65.0,45.0,25.0,5.0,5.0,,,,,,
246,digital transformation strategic,0.8,Digital Transformation Strategic,226.0,206.0,186.0,166.0,146.0,126.0,106.0,86.0,66.0,46.0,26.0,6.0,6.0,,,,,,
247,digital transformation assets,0.79,Digital Transformation Strategic,227.0,207.0,187.0,167.0,147.0,127.0,107.0,87.0,67.0,47.0,27.0,7.0,7.0,,,,,,
248,digital transformation performance,0.74,Assess Digital Transformation,228.0,208.0,188.0,168.0,148.0,128.0,108.0,88.0,68.0,48.0,28.0,8.0,8.0,,,,,,
249,assesses digital transformation,0.77,Assess Digital Transformation,229.0,209.0,189.0,169.0,149.0,129.0,109.0,89.0,69.0,49.0,29.0,9.0,9.0,,,,,,
250,transformation digital technology,0.78,Digital Transformation,230.0,210.0,190.0,170.0,150.0,130.0,110.0,90.0,70.0,50.0,30.0,10.0,10.0,,,,,,
251,digital transformation regarding,0.76,Digital Transformation,231.0,211.0,191.0,171.0,151.0,131.0,111.0,91.0,71.0,51.0,31.0,11.0,11.0,,,,,,
252,digital transformation strategies,0.78,Digital Transformation Strategic,232.0,212.0,192.0,172.0,152.0,132.0,112.0,92.0,72.0,52.0,32.0,12.0,12.0,,,,,,
253,strategy digital transformation,0.78,Digital Transformation Strategic,233.0,213.0,193.0,173.0,153.0,133.0,113.0,93.0,73.0,53.0,33.0,13.0,13.0,,,,,,
254,assess digital transformation,0.78,Assess Digital Transformation,234.0,214.0,194.0,174.0,154.0,134.0,114.0,94.0,74.0,54.0,34.0,14.0,14.0,,,,,,
255,digital transformation organization,0.79,Digital Transformation,235.0,215.0,195.0,175.0,155.0,135.0,115.0,95.0,75.0,55.0,35.0,15.0,15.0,,,,,,
256,digital transformation important,0.73,Digital Transformation,236.0,216.0,196.0,176.0,156.0,136.0,116.0,96.0,76.0,56.0,36.0,16.0,16.0,,,,,,
257,discussed digital transformation,0.76,Digital Transformation,237.0,217.0,197.0,177.0,157.0,137.0,117.0,97.0,77.0,57.0,37.0,17.0,17.0,,,,,,
258,digital transformation conceptualized,0.77,Assess Digital Transformation,238.0,218.0,198.0,178.0,158.0,138.0,118.0,98.0,78.0,58.0,38.0,18.0,18.0,,,,,,
259,digitally digital transformation,0.75,Digital Transformation,239.0,219.0,199.0,179.0,159.0,139.0,119.0,99.0,79.0,59.0,39.0,19.0,19.0,,,,,,
260,capabilities digital transformation,0.12,Dynamic Capabilities Digital,240.0,220.0,200.0,180.0,160.0,140.0,120.0,100.0,80.0,60.0,40.0,20.0,0.0,0.0,,,,,
261,dynamic capabilities digital,0.14,Dynamic Capabilities Digital,241.0,221.0,201.0,181.0,161.0,141.0,121.0,101.0,81.0,61.0,41.0,21.0,1.0,1.0,,,,,
262,digital transforming capabilities,0.09,Digital Transformation Ongoing,242.0,222.0,202.0,182.0,162.0,142.0,122.0,102.0,82.0,62.0,42.0,22.0,2.0,2.0,,,,,
263,digital transformation incumbent,0.11,Digital Transformation Ongoing,243.0,223.0,203.0,183.0,163.0,143.0,123.0,103.0,83.0,63.0,43.0,23.0,3.0,3.0,,,,,
264,digital transformation strategic,0.2,Digital Transformation Ongoing,244.0,224.0,204.0,184.0,164.0,144.0,124.0,104.0,84.0,64.0,44.0,24.0,4.0,4.0,,,,,
265,dynamic capabilities strategic,0.24,Dynamic Capabilities Digital,245.0,225.0,205.0,185.0,165.0,145.0,125.0,105.0,85.0,65.0,45.0,25.0,5.0,5.0,,,,,
266,new capabilities digital,0.12,Dynamic Capabilities Digital,246.0,226.0,206.0,186.0,166.0,146.0,126.0,106.0,86.0,66.0,46.0,26.0,6.0,6.0,,,,,
267,digital transformation findings,0.12,Digital Transformation Ongoing,247.0,227.0,207.0,187.0,167.0,147.0,127.0,107.0,87.0,67.0,47.0,27.0,7.0,7.0,,,,,
268,dynamic capabilities,0.15,Dynamic Capabilities Digital,248.0,228.0,208.0,188.0,168.0,148.0,128.0,108.0,88.0,68.0,48.0,28.0,8.0,8.0,,,,,
269,digital transformation ongoing,0.11,Digital Transformation Ongoing,249.0,229.0,209.0,189.0,169.0,149.0,129.0,109.0,89.0,69.0,49.0,29.0,9.0,9.0,,,,,
270,firm digital transformation,0.21,Digital Transformation Ongoing,250.0,230.0,210.0,190.0,170.0,150.0,130.0,110.0,90.0,70.0,50.0,30.0,10.0,10.0,,,,,
271,business model evolution,0.35,Business Model Transformation,251.0,231.0,211.0,191.0,171.0,151.0,131.0,111.0,91.0,71.0,51.0,31.0,11.0,11.0,,,,,
272,ongoing digital transformation,0.1,Digital Transformation Ongoing,252.0,232.0,212.0,192.0,172.0,152.0,132.0,112.0,92.0,72.0,52.0,32.0,12.0,12.0,,,,,
273,capabilities digital,0.13,Dynamic Capabilities Digital,253.0,233.0,213.0,193.0,173.0,153.0,133.0,113.0,93.0,73.0,53.0,33.0,13.0,13.0,,,,,
274,transformation business models,0.3,Business Model Transformation,254.0,234.0,214.0,194.0,174.0,154.0,134.0,114.0,94.0,74.0,54.0,34.0,14.0,14.0,,,,,
275,digital corporate strategy,0.31,Dynamic Capabilities Digital,255.0,235.0,215.0,195.0,175.0,155.0,135.0,115.0,95.0,75.0,55.0,35.0,15.0,15.0,,,,,
276,digital transformation business,0.22,Digital Transformation Ongoing,256.0,236.0,216.0,196.0,176.0,156.0,136.0,116.0,96.0,76.0,56.0,36.0,16.0,16.0,,,,,
277,business model transformation,0.29,Business Model Transformation,257.0,237.0,217.0,197.0,177.0,157.0,137.0,117.0,97.0,77.0,57.0,37.0,17.0,17.0,,,,,
278,digital strategy,0.19,Dynamic Capabilities Digital,258.0,238.0,218.0,198.0,178.0,158.0,138.0,118.0,98.0,78.0,58.0,38.0,18.0,18.0,,,,,
279,digital innovation,0.16,Digital Transformation Ongoing,259.0,239.0,219.0,199.0,179.0,159.0,139.0,119.0,99.0,79.0,59.0,39.0,19.0,19.0,,,,,
280,harvard business review,0.17,Sloan Management Review,260.0,240.0,220.0,200.0,180.0,160.0,140.0,120.0,100.0,80.0,60.0,40.0,20.0,0.0,0.0,,,,
281,digital transformation,0.53,Digital Transformation Strategies,261.0,241.0,221.0,201.0,181.0,161.0,141.0,121.0,101.0,81.0,61.0,41.0,21.0,1.0,1.0,,,,
282,managing digital transformation,0.55,Digital Transformation Strategies,262.0,242.0,222.0,202.0,182.0,162.0,142.0,122.0,102.0,82.0,62.0,42.0,22.0,2.0,2.0,,,,
283,firm digital transformation,0.53,Digital Transformation Strategies,263.0,243.0,223.0,203.0,183.0,163.0,143.0,123.0,103.0,83.0,63.0,43.0,23.0,3.0,3.0,,,,
284,digital leadership,0.52,Digital Transformation Strategies,264.0,244.0,224.0,204.0,184.0,164.0,144.0,124.0,104.0,84.0,64.0,44.0,24.0,4.0,4.0,,,,
285,digital leaders,0.49,Digital Transformation Strategies,265.0,245.0,225.0,205.0,185.0,165.0,145.0,125.0,105.0,85.0,65.0,45.0,25.0,5.0,5.0,,,,
286,practitioner oriented journals,0.3,Sloan Management Review,266.0,246.0,226.0,206.0,186.0,166.0,146.0,126.0,106.0,86.0,66.0,46.0,26.0,6.0,6.0,,,,
287,sloan management review,0.2,Sloan Management Review,267.0,247.0,227.0,207.0,187.0,167.0,147.0,127.0,107.0,87.0,67.0,47.0,27.0,7.0,7.0,,,,
288,digital transformation practice,0.47,Digital Transformation Strategies,268.0,248.0,228.0,208.0,188.0,168.0,148.0,128.0,108.0,88.0,68.0,48.0,28.0,8.0,8.0,,,,
289,digital transformation strategies,0.54,Digital Transformation Strategies,269.0,249.0,229.0,209.0,189.0,169.0,149.0,129.0,109.0,89.0,69.0,49.0,29.0,9.0,9.0,,,,
290,digital transformation endeavours,0.55,Digital Transformation Strategies,270.0,250.0,230.0,210.0,190.0,170.0,150.0,130.0,110.0,90.0,70.0,50.0,30.0,10.0,10.0,,,,
291,digital transformation challenges,0.55,Digital Transformation Strategies,271.0,251.0,231.0,211.0,191.0,171.0,151.0,131.0,111.0,91.0,71.0,51.0,31.0,11.0,11.0,,,,
292,organizations digital transformation,0.58,Digital Transformation Strategies,272.0,252.0,232.0,212.0,192.0,172.0,152.0,132.0,112.0,92.0,72.0,52.0,32.0,12.0,12.0,,,,
293,strategy digital strategy,0.52,Digital Strategy,273.0,253.0,233.0,213.0,193.0,173.0,153.0,133.0,113.0,93.0,73.0,53.0,33.0,13.0,13.0,,,,
294,digital strategy,0.62,Digital Strategy,274.0,254.0,234.0,214.0,194.0,174.0,154.0,134.0,114.0,94.0,74.0,54.0,34.0,14.0,14.0,,,,
295,strategy digital,0.6,Digital Strategy,275.0,255.0,235.0,215.0,195.0,175.0,155.0,135.0,115.0,95.0,75.0,55.0,35.0,15.0,15.0,,,,
296,research digital transformation,0.56,Digital Transformation Strategies,276.0,256.0,236.0,216.0,196.0,176.0,156.0,136.0,116.0,96.0,76.0,56.0,36.0,16.0,16.0,,,,
297,digital strategy just,0.59,Digital Strategy,277.0,257.0,237.0,217.0,197.0,177.0,157.0,137.0,117.0,97.0,77.0,57.0,37.0,17.0,17.0,,,,
298,digital transformation literature,0.53,Digital Transformation Strategies,278.0,258.0,238.0,218.0,198.0,178.0,158.0,138.0,118.0,98.0,78.0,58.0,38.0,18.0,18.0,,,,
299,digital transformation activities,0.56,Digital Transformation Strategies,279.0,259.0,239.0,219.0,199.0,179.0,159.0,139.0,119.0,99.0,79.0,59.0,39.0,19.0,19.0,,,,
300,digital ecosystems,0.53,Industry Digital,280.0,260.0,240.0,220.0,200.0,180.0,160.0,140.0,120.0,100.0,80.0,60.0,40.0,20.0,0.0,0.0,,,
301,digital innovation,0.68,Industry Digital,281.0,261.0,241.0,221.0,201.0,181.0,161.0,141.0,121.0,101.0,81.0,61.0,41.0,21.0,1.0,1.0,,,
302,digital transformation,1.0,Industry Digital,282.0,262.0,242.0,222.0,202.0,182.0,162.0,142.0,122.0,102.0,82.0,62.0,42.0,22.0,2.0,2.0,,,
303,firms digital transformation,0.81,Industry Digital,283.0,263.0,243.0,223.0,203.0,183.0,163.0,143.0,123.0,103.0,83.0,63.0,43.0,23.0,3.0,3.0,,,
304,distributed manufacturing prominent,0.3,Distributed Manufacturing,284.0,264.0,244.0,224.0,204.0,184.0,164.0,144.0,124.0,104.0,84.0,64.0,44.0,24.0,4.0,4.0,,,
305,distributed manufacturing,0.33,Distributed Manufacturing,285.0,265.0,245.0,225.0,205.0,185.0,165.0,145.0,125.0,105.0,85.0,65.0,45.0,25.0,5.0,5.0,,,
306,digital servitization business,0.66,Industry Digital,286.0,266.0,246.0,226.0,206.0,186.0,166.0,146.0,126.0,106.0,86.0,66.0,46.0,26.0,6.0,6.0,,,
307,digital sustainable entrepreneurship,0.41,Industry Digital,287.0,267.0,247.0,227.0,207.0,187.0,167.0,147.0,127.0,107.0,87.0,67.0,47.0,27.0,7.0,7.0,,,
308,firm capabilities vertical,0.17,Industry Digital,288.0,268.0,248.0,228.0,208.0,188.0,168.0,148.0,128.0,108.0,88.0,68.0,48.0,28.0,8.0,8.0,,,
309,organization digital economy,0.52,Industry Digital,289.0,269.0,249.0,229.0,209.0,189.0,169.0,149.0,129.0,109.0,89.0,69.0,49.0,29.0,9.0,9.0,,,
310,sustainability affects dt,0.27,Sustainability Affects Dt,290.0,270.0,250.0,230.0,210.0,190.0,170.0,150.0,130.0,110.0,90.0,70.0,50.0,30.0,10.0,10.0,,,
311,distributed manufacturing facilities,0.26,Distributed Manufacturing,291.0,271.0,251.0,231.0,211.0,191.0,171.0,151.0,131.0,111.0,91.0,71.0,51.0,31.0,11.0,11.0,,,
312,firm digital transformation,0.85,Industry Digital,292.0,272.0,252.0,232.0,212.0,192.0,172.0,152.0,132.0,112.0,92.0,72.0,52.0,32.0,12.0,12.0,,,
313,dt impact sustainability,0.31,Sustainability Affects Dt,293.0,273.0,253.0,233.0,213.0,193.0,173.0,153.0,133.0,113.0,93.0,73.0,53.0,33.0,13.0,13.0,,,
314,leverages distributed manufacturing,0.28,Distributed Manufacturing,294.0,274.0,254.0,234.0,214.0,194.0,174.0,154.0,134.0,114.0,94.0,74.0,54.0,34.0,14.0,14.0,,,
315,structure digital ecosystems,0.49,Industry Digital,295.0,275.0,255.0,235.0,215.0,195.0,175.0,155.0,135.0,115.0,95.0,75.0,55.0,35.0,15.0,15.0,,,
316,supply chains digital,0.54,Industry Digital,296.0,276.0,256.0,236.0,216.0,196.0,176.0,156.0,136.0,116.0,96.0,76.0,56.0,36.0,16.0,16.0,,,
317,digital innovation management,0.56,Industry Digital,297.0,277.0,257.0,237.0,217.0,197.0,177.0,157.0,137.0,117.0,97.0,77.0,57.0,37.0,17.0,17.0,,,
318,industry digital,0.67,Industry Digital,298.0,278.0,258.0,238.0,218.0,198.0,178.0,158.0,138.0,118.0,98.0,78.0,58.0,38.0,18.0,18.0,,,
319,firm hierarchical organization,0.19,Industry Digital,299.0,279.0,259.0,239.0,219.0,199.0,179.0,159.0,139.0,119.0,99.0,79.0,59.0,39.0,19.0,19.0,,,
320,digital transformation,1.0,Digital Transformation Research,300.0,280.0,260.0,240.0,220.0,200.0,180.0,160.0,140.0,120.0,100.0,80.0,60.0,40.0,20.0,0.0,0.0,,
321,digital transformation literature,0.86,Digital Transformation Research,301.0,281.0,261.0,241.0,221.0,201.0,181.0,161.0,141.0,121.0,101.0,81.0,61.0,41.0,21.0,1.0,1.0,,
322,business model innovation,0.25,Business Model Innovation,302.0,282.0,262.0,242.0,222.0,202.0,182.0,162.0,142.0,122.0,102.0,82.0,62.0,42.0,22.0,2.0,2.0,,
323,digital business strategy,0.6,Digital Transformation Research,303.0,283.0,263.0,243.0,223.0,203.0,183.0,163.0,143.0,123.0,103.0,83.0,63.0,43.0,23.0,3.0,3.0,,
324,digital transformation research,0.92,Digital Transformation Research,304.0,284.0,264.0,244.0,224.0,204.0,184.0,164.0,144.0,124.0,104.0,84.0,64.0,44.0,24.0,4.0,4.0,,
325,digital transformation organizational,0.86,Digital Transformation Research,305.0,285.0,265.0,245.0,225.0,205.0,185.0,165.0,145.0,125.0,105.0,85.0,65.0,45.0,25.0,5.0,5.0,,
326,digital innovation,0.68,Digital Transformation Research,306.0,286.0,266.0,246.0,226.0,206.0,186.0,166.0,146.0,126.0,106.0,86.0,66.0,46.0,26.0,6.0,6.0,,
327,digital transformation review,0.89,Digital Transformation Research,307.0,287.0,267.0,247.0,227.0,207.0,187.0,167.0,147.0,127.0,107.0,87.0,67.0,47.0,27.0,7.0,7.0,,
328,digital business,0.67,Digital Transformation Research,308.0,288.0,268.0,248.0,228.0,208.0,188.0,168.0,148.0,128.0,108.0,88.0,68.0,48.0,28.0,8.0,8.0,,
329,research digital transformation,0.86,Digital Transformation Research,309.0,289.0,269.0,249.0,229.0,209.0,189.0,169.0,149.0,129.0,109.0,89.0,69.0,49.0,29.0,9.0,9.0,,
330,adopt digital transformation,0.91,Digital Transformation Research,310.0,290.0,270.0,250.0,230.0,210.0,190.0,170.0,150.0,130.0,110.0,90.0,70.0,50.0,30.0,10.0,10.0,,
331,digital transformation different,0.92,Digital Transformation Research,311.0,291.0,271.0,251.0,231.0,211.0,191.0,171.0,151.0,131.0,111.0,91.0,71.0,51.0,31.0,11.0,11.0,,
332,digital transformation new,0.96,Digital Transformation Research,312.0,292.0,272.0,252.0,232.0,212.0,192.0,172.0,152.0,132.0,112.0,92.0,72.0,52.0,32.0,12.0,12.0,,
333,disruptive innovation theory,0.29,Disruptive Innovation Theory,313.0,293.0,273.0,253.0,233.0,213.0,193.0,173.0,153.0,133.0,113.0,93.0,73.0,53.0,33.0,13.0,13.0,,
334,enabled organizational transformation,0.58,Digital Transformation Research,314.0,294.0,274.0,254.0,234.0,214.0,194.0,174.0,154.0,134.0,114.0,94.0,74.0,54.0,34.0,14.0,14.0,,
335,corporate entrepreneurship,0.13,Disruptive Innovation Theory,315.0,295.0,275.0,255.0,235.0,215.0,195.0,175.0,155.0,135.0,115.0,95.0,75.0,55.0,35.0,15.0,15.0,,
336,model innovation,0.3,Business Model Innovation,316.0,296.0,276.0,256.0,236.0,216.0,196.0,176.0,156.0,136.0,116.0,96.0,76.0,56.0,36.0,16.0,16.0,,
337,disruptive business model,0.27,Disruptive Innovation Theory,317.0,297.0,277.0,257.0,237.0,217.0,197.0,177.0,157.0,137.0,117.0,97.0,77.0,57.0,37.0,17.0,17.0,,
338,market technology capability,0.33,Business Model Innovation,318.0,298.0,278.0,258.0,238.0,218.0,198.0,178.0,158.0,138.0,118.0,98.0,78.0,58.0,38.0,18.0,18.0,,
339,market technology,0.35,Disruptive Innovation Theory,319.0,299.0,279.0,259.0,239.0,219.0,199.0,179.0,159.0,139.0,119.0,99.0,79.0,59.0,39.0,19.0,19.0,,
340,digital transformation,0.47,Transformation Digital Innovation,320.0,300.0,280.0,260.0,240.0,220.0,200.0,180.0,160.0,140.0,120.0,100.0,80.0,60.0,40.0,20.0,0.0,0.0,
341,digital transformation strategy,0.5,Transformation Digital Innovation,321.0,301.0,281.0,261.0,241.0,221.0,201.0,181.0,161.0,141.0,121.0,101.0,81.0,61.0,41.0,21.0,1.0,1.0,
342,digital innovation,0.59,Transformation Digital Innovation,322.0,302.0,282.0,262.0,242.0,222.0,202.0,182.0,162.0,142.0,122.0,102.0,82.0,62.0,42.0,22.0,2.0,2.0,
343,organizational transformation digital,0.59,Transformation Digital Innovation,323.0,303.0,283.0,263.0,243.0,223.0,203.0,183.0,163.0,143.0,123.0,103.0,83.0,63.0,43.0,23.0,3.0,3.0,
344,research paper empirical,0.22,Et Al,324.0,304.0,284.0,264.0,244.0,224.0,204.0,184.0,164.0,144.0,124.0,104.0,84.0,64.0,44.0,24.0,4.0,4.0,
345,term digital technologies,0.51,Transformation Digital Innovation,325.0,305.0,285.0,265.0,245.0,225.0,205.0,185.0,165.0,145.0,125.0,105.0,85.0,65.0,45.0,25.0,5.0,5.0,
346,digital technologies alter,0.49,Transformation Digital Innovation,326.0,306.0,286.0,266.0,246.0,226.0,206.0,186.0,166.0,146.0,126.0,106.0,86.0,66.0,46.0,26.0,6.0,6.0,
347,impacts digital transformation,0.49,Transformation Digital Innovation,327.0,307.0,287.0,267.0,247.0,227.0,207.0,187.0,167.0,147.0,127.0,107.0,87.0,67.0,47.0,27.0,7.0,7.0,
348,digital innovation mis,0.58,Transformation Digital Innovation,328.0,308.0,288.0,268.0,248.0,228.0,208.0,188.0,168.0,148.0,128.0,108.0,88.0,68.0,48.0,28.0,8.0,8.0,
349,digital business strategy,0.7,Transformation Digital Innovation,329.0,309.0,289.0,269.0,249.0,229.0,209.0,189.0,169.0,149.0,129.0,109.0,89.0,69.0,49.0,29.0,9.0,9.0,
350,digital platforms ecosystems,0.79,Digital Platforms Ecosystems,330.0,310.0,290.0,270.0,250.0,230.0,210.0,190.0,170.0,150.0,130.0,110.0,90.0,70.0,50.0,30.0,10.0,10.0,
351,strategic research dt,0.4,Transformation Digital Innovation,331.0,311.0,291.0,271.0,251.0,231.0,211.0,191.0,171.0,151.0,131.0,111.0,91.0,71.0,51.0,31.0,11.0,11.0,
352,transformational information technology,0.43,Transformation Digital Innovation,332.0,312.0,292.0,272.0,252.0,232.0,212.0,192.0,172.0,152.0,132.0,112.0,92.0,72.0,52.0,32.0,12.0,12.0,
353,use digital technologies,0.48,Transformation Digital Innovation,333.0,313.0,293.0,273.0,253.0,233.0,213.0,193.0,173.0,153.0,133.0,113.0,93.0,73.0,53.0,33.0,13.0,13.0,
354,dremel et al,0.17,Et Al,334.0,314.0,294.0,274.0,254.0,234.0,214.0,194.0,174.0,154.0,134.0,114.0,94.0,74.0,54.0,34.0,14.0,14.0,
355,et al,0.14,Et Al,335.0,315.0,295.0,275.0,255.0,235.0,215.0,195.0,175.0,155.0,135.0,115.0,95.0,75.0,55.0,35.0,15.0,15.0,
356,organizational actors,0.42,Digital Platforms Ecosystems,336.0,316.0,296.0,276.0,256.0,236.0,216.0,196.0,176.0,156.0,136.0,116.0,96.0,76.0,56.0,36.0,16.0,16.0,
357,et al 2016,0.08,Et Al,337.0,317.0,297.0,277.0,257.0,237.0,217.0,197.0,177.0,157.0,137.0,117.0,97.0,77.0,57.0,37.0,17.0,17.0,
358,kane et al,0.04,Et Al,338.0,318.0,298.0,278.0,258.0,238.0,218.0,198.0,178.0,158.0,138.0,118.0,98.0,78.0,58.0,38.0,18.0,18.0,
359,transformation digital innovation,0.54,Transformation Digital Innovation,339.0,319.0,299.0,279.0,259.0,239.0,219.0,199.0,179.0,159.0,139.0,119.0,99.0,79.0,59.0,39.0,19.0,19.0,
360,digital business ecosystems,0.14,Business Ecosystems,340.0,320.0,300.0,280.0,260.0,240.0,220.0,200.0,180.0,160.0,140.0,120.0,100.0,80.0,60.0,40.0,20.0,0.0,0.0
361,organizational change,0.1,Organizational Change,341.0,321.0,301.0,281.0,261.0,241.0,221.0,201.0,181.0,161.0,141.0,121.0,101.0,81.0,61.0,41.0,21.0,1.0,1.0
362,organizational change innovation,0.15,Organizational Change,342.0,322.0,302.0,282.0,262.0,242.0,222.0,202.0,182.0,162.0,142.0,122.0,102.0,82.0,62.0,42.0,22.0,2.0,2.0
363,digital transformation,0.16,Organizational Change,343.0,323.0,303.0,283.0,263.0,243.0,223.0,203.0,183.0,163.0,143.0,123.0,103.0,83.0,63.0,43.0,23.0,3.0,3.0
364,organizational change literature,0.07,Organizational Change,344.0,324.0,304.0,284.0,264.0,244.0,224.0,204.0,184.0,164.0,144.0,124.0,104.0,84.0,64.0,44.0,24.0,4.0,4.0
365,organizational change processes,0.04,Organizational Change,345.0,325.0,305.0,285.0,265.0,245.0,225.0,205.0,185.0,165.0,145.0,125.0,105.0,85.0,65.0,45.0,25.0,5.0,5.0
366,dt organizational change,0.1,Organizational Change,346.0,326.0,306.0,286.0,266.0,246.0,226.0,206.0,186.0,166.0,146.0,126.0,106.0,86.0,66.0,46.0,26.0,6.0,6.0
367,business ecosystems,0.16,Business Ecosystems,347.0,327.0,307.0,287.0,267.0,247.0,227.0,207.0,187.0,167.0,147.0,127.0,107.0,87.0,67.0,47.0,27.0,7.0,7.0
368,organizational transformation,0.11,Organizational Change,348.0,328.0,308.0,288.0,268.0,248.0,228.0,208.0,188.0,168.0,148.0,128.0,108.0,88.0,68.0,48.0,28.0,8.0,8.0
369,digital business strategy,0.12,Organizational Change,349.0,329.0,309.0,289.0,269.0,249.0,229.0,209.0,189.0,169.0,149.0,129.0,109.0,89.0,69.0,49.0,29.0,9.0,9.0
370,digital organizational,0.16,Organizational Change,350.0,330.0,310.0,290.0,270.0,250.0,230.0,210.0,190.0,170.0,150.0,130.0,110.0,90.0,70.0,50.0,30.0,10.0,10.0
371,turbulent digital business,0.08,Organizational Change,351.0,331.0,311.0,291.0,271.0,251.0,231.0,211.0,191.0,171.0,151.0,131.0,111.0,91.0,71.0,51.0,31.0,11.0,11.0
372,digital business,0.14,Organizational Change,352.0,332.0,312.0,292.0,272.0,252.0,232.0,212.0,192.0,172.0,152.0,132.0,112.0,92.0,72.0,52.0,32.0,12.0,12.0
373,wiley online library,0.01,Wiley Online Library,353.0,333.0,313.0,293.0,273.0,253.0,233.0,213.0,193.0,173.0,153.0,133.0,113.0,93.0,73.0,53.0,33.0,13.0,13.0
374,digital transformation organizational,0.1,Organizational Change,354.0,334.0,314.0,294.0,274.0,254.0,234.0,214.0,194.0,174.0,154.0,134.0,114.0,94.0,74.0,54.0,34.0,14.0,14.0
375,innovation mechanisms dt,0.3,Organizational Change,355.0,335.0,315.0,295.0,275.0,255.0,235.0,215.0,195.0,175.0,155.0,135.0,115.0,95.0,75.0,55.0,35.0,15.0,15.0
376,organizational change used,0.09,Organizational Change,356.0,336.0,316.0,296.0,276.0,256.0,236.0,216.0,196.0,176.0,156.0,136.0,116.0,96.0,76.0,56.0,36.0,16.0,16.0
377,organizational change explained,0.08,Organizational Change,357.0,337.0,317.0,297.0,277.0,257.0,237.0,217.0,197.0,177.0,157.0,137.0,117.0,97.0,77.0,57.0,37.0,17.0,17.0
378,organizational processes change,0.06,Organizational Change,358.0,338.0,318.0,298.0,278.0,258.0,238.0,218.0,198.0,178.0,158.0,138.0,118.0,98.0,78.0,58.0,38.0,18.0,18.0
379,organizational change process,0.06,Organizational Change,359.0,339.0,319.0,299.0,279.0,259.0,239.0,219.0,199.0,179.0,159.0,139.0,119.0,99.0,79.0,59.0,39.0,19.0,19.0
380,Gen AI,5.0,artificial intelligence,360.0,340.0,320.0,300.0,280.0,260.0,240.0,220.0,200.0,180.0,160.0,140.0,120.0,100.0,80.0,60.0,40.0,20.0,0.0
381,copilots,5.0,others,361.0,341.0,321.0,301.0,281.0,261.0,241.0,221.0,201.0,181.0,161.0,141.0,121.0,101.0,81.0,61.0,41.0,21.0,1.0
382,ai copilot tools,5.0,artificial intelligence,362.0,342.0,322.0,302.0,282.0,262.0,242.0,222.0,202.0,182.0,162.0,142.0,122.0,102.0,82.0,62.0,42.0,22.0,2.0
383,llm suite,5.0,artificial intelligence,363.0,343.0,323.0,303.0,283.0,263.0,243.0,223.0,203.0,183.0,163.0,143.0,123.0,103.0,83.0,63.0,43.0,23.0,3.0
384,agentic ai,5.0,artificial intelligence,364.0,344.0,324.0,304.0,284.0,264.0,244.0,224.0,204.0,184.0,164.0,144.0,124.0,104.0,84.0,64.0,44.0,24.0,4.0
385,open finance,5.0,business_model,365.0,345.0,325.0,305.0,285.0,265.0,245.0,225.0,205.0,185.0,165.0,145.0,125.0,105.0,85.0,65.0,45.0,25.0,5.0
386,embedded finance,5.0,business_model,366.0,346.0,326.0,306.0,286.0,266.0,246.0,226.0,206.0,186.0,166.0,146.0,126.0,106.0,86.0,66.0,46.0,26.0,6.0
387,asset tokenization,5.0,others,367.0,347.0,327.0,307.0,287.0,267.0,247.0,227.0,207.0,187.0,167.0,147.0,127.0,107.0,87.0,67.0,47.0,27.0,7.0
388,embedded finance,5.0,business_model,368.0,348.0,328.0,308.0,288.0,268.0,248.0,228.0,208.0,188.0,168.0,148.0,128.0,108.0,88.0,68.0,48.0,28.0,8.0
389,generative AI,4.0,artificial intelligence,369.0,349.0,329.0,309.0,289.0,269.0,249.0,229.0,209.0,189.0,169.0,149.0,129.0,109.0,89.0,69.0,49.0,29.0,9.0
390,digital twins,4.0,others,370.0,350.0,330.0,310.0,290.0,270.0,250.0,230.0,210.0,190.0,170.0,150.0,130.0,110.0,90.0,70.0,50.0,30.0,10.0
391,platform business models,4.0,business_model,371.0,351.0,331.0,311.0,291.0,271.0,251.0,231.0,211.0,191.0,171.0,151.0,131.0,111.0,91.0,71.0,51.0,31.0,11.0
392,AI-as-a-service,4.0,artificial intelligence,372.0,352.0,332.0,312.0,292.0,272.0,252.0,232.0,212.0,192.0,172.0,152.0,132.0,112.0,92.0,72.0,52.0,32.0,12.0
393,platform economy,4.0,digital_infrastructure,373.0,353.0,333.0,313.0,293.0,273.0,253.0,233.0,213.0,193.0,173.0,153.0,133.0,113.0,93.0,73.0,53.0,33.0,13.0
394,multisided platforms,4.0,others,374.0,354.0,334.0,314.0,294.0,274.0,254.0,234.0,214.0,194.0,174.0,154.0,134.0,114.0,94.0,74.0,54.0,34.0,14.0
395,customer data platforms,4.0,data_and_analytics,375.0,355.0,335.0,315.0,295.0,275.0,255.0,235.0,215.0,195.0,175.0,155.0,135.0,115.0,95.0,75.0,55.0,35.0,15.0
396,intelligent automation,4.0,artificial intelligence,376.0,356.0,336.0,316.0,296.0,276.0,256.0,236.0,216.0,196.0,176.0,156.0,136.0,116.0,96.0,76.0,56.0,36.0,16.0
397,workflow automation,4.0,digital_operations,377.0,357.0,337.0,317.0,297.0,277.0,257.0,237.0,217.0,197.0,177.0,157.0,137.0,117.0,97.0,77.0,57.0,37.0,17.0
398,robotic process automation,4.0,digital_operations,378.0,358.0,338.0,318.0,298.0,278.0,258.0,238.0,218.0,198.0,178.0,158.0,138.0,118.0,98.0,78.0,58.0,38.0,18.0
399,AI fluency,4.0,artificial intelligence,379.0,359.0,339.0,319.0,299.0,279.0,259.0,239.0,219.0,199.0,179.0,159.0,139.0,119.0,99.0,79.0,59.0,39.0,19.0
400,sustainable innovation,4.0,artificial intelligence,380.0,360.0,340.0,320.0,300.0,280.0,260.0,240.0,220.0,200.0,180.0,160.0,140.0,120.0,100.0,80.0,60.0,40.0,20.0
401,ethical AI,4.0,artificial intelligence,381.0,361.0,341.0,321.0,301.0,281.0,261.0,241.0,221.0,201.0,181.0,161.0,141.0,121.0,101.0,81.0,61.0,41.0,21.0
402,technology-driven sustainability,4.0,artificial intelligence,382.0,362.0,342.0,322.0,302.0,282.0,262.0,242.0,222.0,202.0,182.0,162.0,142.0,122.0,102.0,82.0,62.0,42.0,22.0
403,AI,4.0,artificial intelligence,383.0,363.0,343.0,323.0,303.0,283.0,263.0,243.0,223.0,203.0,183.0,163.0,143.0,123.0,103.0,83.0,63.0,43.0,23.0
404,efficiency gains,4.0,artificial intelligence,384.0,364.0,344.0,324.0,304.0,284.0,264.0,244.0,224.0,204.0,184.0,164.0,144.0,124.0,104.0,84.0,64.0,44.0,24.0
405,intelligent automation,4.0,artificial intelligence,385.0,365.0,345.0,325.0,305.0,285.0,265.0,245.0,225.0,205.0,185.0,165.0,145.0,125.0,105.0,85.0,65.0,45.0,25.0
406,RPA,4.0,artificial intelligence,386.0,366.0,346.0,326.0,306.0,286.0,266.0,246.0,226.0,206.0,186.0,166.0,146.0,126.0,106.0,86.0,66.0,46.0,26.0
407,ai-powered,4.0,artificial intelligence,387.0,367.0,347.0,327.0,307.0,287.0,267.0,247.0,227.0,207.0,187.0,167.0,147.0,127.0,107.0,87.0,67.0,47.0,27.0
408,domain-specific large language models,4.0,artificial intelligence,388.0,368.0,348.0,328.0,308.0,288.0,268.0,248.0,228.0,208.0,188.0,168.0,148.0,128.0,108.0,88.0,68.0,48.0,28.0
409,cloud-native,4.0,digital_infrastructure,389.0,369.0,349.0,329.0,309.0,289.0,269.0,249.0,229.0,209.0,189.0,169.0,149.0,129.0,109.0,89.0,69.0,49.0,29.0
410,cloud platforms,4.0,digital_infrastructure,390.0,370.0,350.0,330.0,310.0,290.0,270.0,250.0,230.0,210.0,190.0,170.0,150.0,130.0,110.0,90.0,70.0,50.0,30.0
411,cloud-native wealth management,4.0,digital_infrastructure,391.0,371.0,351.0,331.0,311.0,291.0,271.0,251.0,231.0,211.0,191.0,171.0,151.0,131.0,111.0,91.0,71.0,51.0,31.0
412,compliance automation,4.0,governance_risks,392.0,372.0,352.0,332.0,312.0,292.0,272.0,252.0,232.0,212.0,192.0,172.0,152.0,132.0,112.0,92.0,72.0,52.0,32.0
413,multi-rail,4.0,artificial intelligence,393.0,373.0,353.0,333.0,313.0,293.0,273.0,253.0,233.0,213.0,193.0,173.0,153.0,133.0,113.0,93.0,73.0,53.0,33.0
414,multi-rail,4.0,artificial intelligence,394.0,374.0,354.0,334.0,314.0,294.0,274.0,254.0,234.0,214.0,194.0,174.0,154.0,134.0,114.0,94.0,74.0,54.0,34.0
415,blockchain,4.0,artificial intelligence,395.0,375.0,355.0,335.0,315.0,295.0,275.0,255.0,235.0,215.0,195.0,175.0,155.0,135.0,115.0,95.0,75.0,55.0,35.0
416,sustainability,4.0,artificial intelligence,396.0,376.0,356.0,336.0,316.0,296.0,276.0,256.0,236.0,216.0,196.0,176.0,156.0,136.0,116.0,96.0,76.0,56.0,36.0
417,sustainable lending,4.0,artificial intelligence,397.0,377.0,357.0,337.0,317.0,297.0,277.0,257.0,237.0,217.0,197.0,177.0,157.0,137.0,117.0,97.0,77.0,57.0,37.0
418,digital customer experience,3.0,customer_experience,398.0,378.0,358.0,338.0,318.0,298.0,278.0,258.0,238.0,218.0,198.0,178.0,158.0,138.0,118.0,98.0,78.0,58.0,38.0
419,hyper-personalization,3.0,customer_experience,399.0,379.0,359.0,339.0,319.0,299.0,279.0,259.0,239.0,219.0,199.0,179.0,159.0,139.0,119.0,99.0,79.0,59.0,39.0
420,customer profiling,3.0,others,400.0,380.0,360.0,340.0,320.0,300.0,280.0,260.0,240.0,220.0,200.0,180.0,160.0,140.0,120.0,100.0,80.0,60.0,40.0
421,customer centricity,3.0,others,401.0,381.0,361.0,341.0,321.0,301.0,281.0,261.0,241.0,221.0,201.0,181.0,161.0,141.0,121.0,101.0,81.0,61.0,41.0
422,digital journeys,3.0,others,402.0,382.0,362.0,342.0,322.0,302.0,282.0,262.0,242.0,222.0,202.0,182.0,162.0,142.0,122.0,102.0,82.0,62.0,42.0
423,omnichannel experience,3.0,customer_experience,403.0,383.0,363.0,343.0,323.0,303.0,283.0,263.0,243.0,223.0,203.0,183.0,163.0,143.0,123.0,103.0,83.0,63.0,43.0
424,user experience,3.0,others,404.0,384.0,364.0,344.0,324.0,304.0,284.0,264.0,244.0,224.0,204.0,184.0,164.0,144.0,124.0,104.0,84.0,64.0,44.0
425,data-driven decision-making,3.0,data_and_analytics,405.0,385.0,365.0,345.0,325.0,305.0,285.0,265.0,245.0,225.0,205.0,185.0,165.0,145.0,125.0,105.0,85.0,65.0,45.0
426,digital workflows,3.0,digital_operations,406.0,386.0,366.0,346.0,326.0,306.0,286.0,266.0,246.0,226.0,206.0,186.0,166.0,146.0,126.0,106.0,86.0,66.0,46.0
427,cloud journey,3.0,digital_infrastructure,407.0,387.0,367.0,347.0,327.0,307.0,287.0,267.0,247.0,227.0,207.0,187.0,167.0,147.0,127.0,107.0,87.0,67.0,47.0
428,data-driven,3.0,data_and_analytics,408.0,388.0,368.0,348.0,328.0,308.0,288.0,268.0,248.0,228.0,208.0,188.0,168.0,148.0,128.0,108.0,88.0,68.0,48.0
429,360-degree customer footprint,3.0,others,409.0,389.0,369.0,349.0,329.0,309.0,289.0,269.0,249.0,229.0,209.0,189.0,169.0,149.0,129.0,109.0,89.0,69.0,49.0
430,onboarding efficiency,3.0,others,410.0,390.0,370.0,350.0,330.0,310.0,290.0,270.0,250.0,230.0,210.0,190.0,170.0,150.0,130.0,110.0,90.0,70.0,50.0
431,digital onboarding,3.0,others,411.0,391.0,371.0,351.0,331.0,311.0,291.0,271.0,251.0,231.0,211.0,191.0,171.0,151.0,131.0,111.0,91.0,71.0,51.0
432,customer experience,3.0,customer_experience,412.0,392.0,372.0,352.0,332.0,312.0,292.0,272.0,252.0,232.0,212.0,192.0,172.0,152.0,132.0,112.0,92.0,72.0,52.0
433,seamless experience,3.0,customer_experience,413.0,393.0,373.0,353.0,333.0,313.0,293.0,273.0,253.0,233.0,213.0,193.0,173.0,153.0,133.0,113.0,93.0,73.0,53.0
434,personalization,3.0,customer_experience,414.0,394.0,374.0,354.0,334.0,314.0,294.0,274.0,254.0,234.0,214.0,194.0,174.0,154.0,134.0,114.0,94.0,74.0,54.0
435,customer journey,3.0,customer_experience,415.0,395.0,375.0,355.0,335.0,315.0,295.0,275.0,255.0,235.0,215.0,195.0,175.0,155.0,135.0,115.0,95.0,75.0,55.0
436,gamify,3.0,customer_experience,416.0,396.0,376.0,356.0,336.0,316.0,296.0,276.0,256.0,236.0,216.0,196.0,176.0,156.0,136.0,116.0,96.0,76.0,56.0
437,financial literacy,3.0,talent_and_education,417.0,397.0,377.0,357.0,337.0,317.0,297.0,277.0,257.0,237.0,217.0,197.0,177.0,157.0,137.0,117.0,97.0,77.0,57.0
438,financial literacy,3.0,talent_and_education,418.0,398.0,378.0,358.0,338.0,318.0,298.0,278.0,258.0,238.0,218.0,198.0,178.0,158.0,138.0,118.0,98.0,78.0,58.0
439,IT governance,2.0,governance_risks,419.0,399.0,379.0,359.0,339.0,319.0,299.0,279.0,259.0,239.0,219.0,199.0,179.0,159.0,139.0,119.0,99.0,79.0,59.0
440,cyber-physical systems,2.0,others,420.0,400.0,380.0,360.0,340.0,320.0,300.0,280.0,260.0,240.0,220.0,200.0,180.0,160.0,140.0,120.0,100.0,80.0,60.0
441,digital governance,2.0,governance_risks,421.0,401.0,381.0,361.0,341.0,321.0,301.0,281.0,261.0,241.0,221.0,201.0,181.0,161.0,141.0,121.0,101.0,81.0,61.0
442,cybersecurity,2.0,governance_risks,422.0,402.0,382.0,362.0,342.0,322.0,302.0,282.0,262.0,242.0,222.0,202.0,182.0,162.0,142.0,122.0,102.0,82.0,62.0
443,cyber resilience,2.0,others,423.0,403.0,383.0,363.0,343.0,323.0,303.0,283.0,263.0,243.0,223.0,203.0,183.0,163.0,143.0,123.0,103.0,83.0,63.0
444,digital risk management,2.0,governance_risks,424.0,404.0,384.0,364.0,344.0,324.0,304.0,284.0,264.0,244.0,224.0,204.0,184.0,164.0,144.0,124.0,104.0,84.0,64.0
445,regulatory compliance,2.0,governance_risks,425.0,405.0,385.0,365.0,345.0,325.0,305.0,285.0,265.0,245.0,225.0,205.0,185.0,165.0,145.0,125.0,105.0,85.0,65.0
446,digital resilience,2.0,others,426.0,406.0,386.0,366.0,346.0,326.0,306.0,286.0,266.0,246.0,226.0,206.0,186.0,166.0,146.0,126.0,106.0,86.0,66.0
447,operational resilience,2.0,governance_risks,427.0,407.0,387.0,367.0,347.0,327.0,307.0,287.0,267.0,247.0,227.0,207.0,187.0,167.0,147.0,127.0,107.0,87.0,67.0
448,cybersecurity,2.0,governance_risks,428.0,408.0,388.0,368.0,348.0,328.0,308.0,288.0,268.0,248.0,228.0,208.0,188.0,168.0,148.0,128.0,108.0,88.0,68.0
449,RegTech,2.0,governance_risks,429.0,409.0,389.0,369.0,349.0,329.0,309.0,289.0,269.0,249.0,229.0,209.0,189.0,169.0,149.0,129.0,109.0,89.0,69.0
450,compliance costs,2.0,governance_risks,430.0,410.0,390.0,370.0,350.0,330.0,310.0,290.0,270.0,250.0,230.0,210.0,190.0,170.0,150.0,130.0,110.0,90.0,70.0
451,digital risk,2.0,governance_risks,431.0,411.0,391.0,371.0,351.0,331.0,311.0,291.0,271.0,251.0,231.0,211.0,191.0,171.0,151.0,131.0,111.0,91.0,71.0
452,risk management,2.0,governance_risks,432.0,412.0,392.0,372.0,352.0,332.0,312.0,292.0,272.0,252.0,232.0,212.0,192.0,172.0,152.0,132.0,112.0,92.0,72.0
453,digital identity,2.0,digital_identity,433.0,413.0,393.0,373.0,353.0,333.0,313.0,293.0,273.0,253.0,233.0,213.0,193.0,173.0,153.0,133.0,113.0,93.0,73.0
454,KYC,2.0,digital_identity,434.0,414.0,394.0,374.0,354.0,334.0,314.0,294.0,274.0,254.0,234.0,214.0,194.0,174.0,154.0,134.0,114.0,94.0,74.0
455,perpetual kyc,2.0,digital_identity,435.0,415.0,395.0,375.0,355.0,335.0,315.0,295.0,275.0,255.0,235.0,215.0,195.0,175.0,155.0,135.0,115.0,95.0,75.0
456,identity wallet,2.0,digital_identity,436.0,416.0,396.0,376.0,356.0,336.0,316.0,296.0,276.0,256.0,236.0,216.0,196.0,176.0,156.0,136.0,116.0,96.0,76.0
457,self-sovereign identity,2.0,digital_identity,437.0,417.0,397.0,377.0,357.0,337.0,317.0,297.0,277.0,257.0,237.0,217.0,197.0,177.0,157.0,137.0,117.0,97.0,77.0
458,decentralized identity,2.0,digital_identity,438.0,418.0,398.0,378.0,358.0,338.0,318.0,298.0,278.0,258.0,238.0,218.0,198.0,178.0,158.0,138.0,118.0,98.0,78.0
459,federated identity,2.0,digital_identity,439.0,419.0,399.0,379.0,359.0,339.0,319.0,299.0,279.0,259.0,239.0,219.0,199.0,179.0,159.0,139.0,119.0,99.0,79.0
460,identity verification,2.0,digital_identity,440.0,420.0,400.0,380.0,360.0,340.0,320.0,300.0,280.0,260.0,240.0,220.0,200.0,180.0,160.0,140.0,120.0,100.0,80.0
461,digital identity management,2.0,digital_identity,441.0,421.0,401.0,381.0,361.0,341.0,321.0,301.0,281.0,261.0,241.0,221.0,201.0,181.0,161.0,141.0,121.0,101.0,81.0
462,singpass,2.0,others,442.0,422.0,402.0,382.0,362.0,342.0,322.0,302.0,282.0,262.0,242.0,222.0,202.0,182.0,162.0,142.0,122.0,102.0,82.0
463,climate risk,2.0,sustainability,443.0,423.0,403.0,383.0,363.0,343.0,323.0,303.0,283.0,263.0,243.0,223.0,203.0,183.0,163.0,143.0,123.0,103.0,83.0
464,esg compliance,2.0,governance_risks,444.0,424.0,404.0,384.0,364.0,344.0,324.0,304.0,284.0,264.0,244.0,224.0,204.0,184.0,164.0,144.0,124.0,104.0,84.0
465,regtech,2.0,governance_risks,445.0,425.0,405.0,385.0,365.0,345.0,325.0,305.0,285.0,265.0,245.0,225.0,205.0,185.0,165.0,145.0,125.0,105.0,85.0
466,regulatory reporting,2.0,governance_risks,446.0,426.0,406.0,386.0,366.0,346.0,326.0,306.0,286.0,266.0,246.0,226.0,206.0,186.0,166.0,146.0,126.0,106.0,86.0
467,digital operational resilience,2.0,governance_risks,447.0,427.0,407.0,387.0,367.0,347.0,327.0,307.0,287.0,267.0,247.0,227.0,207.0,187.0,167.0,147.0,127.0,107.0,87.0
468,digital transformation strategy,1.0,others,448.0,428.0,408.0,388.0,368.0,348.0,328.0,308.0,288.0,268.0,248.0,228.0,208.0,188.0,168.0,148.0,128.0,108.0,88.0
469,strategic alignment,1.0,others,449.0,429.0,409.0,389.0,369.0,349.0,329.0,309.0,289.0,269.0,249.0,229.0,209.0,189.0,169.0,149.0,129.0,109.0,89.0
470,digital capabilities,1.0,others,450.0,430.0,410.0,390.0,370.0,350.0,330.0,310.0,290.0,270.0,250.0,230.0,210.0,190.0,170.0,150.0,130.0,110.0,90.0
471,dynamic capabilities,1.0,others,451.0,431.0,411.0,391.0,371.0,351.0,331.0,311.0,291.0,271.0,251.0,231.0,211.0,191.0,171.0,151.0,131.0,111.0,91.0
472,agility,1.0,others,452.0,432.0,412.0,392.0,372.0,352.0,332.0,312.0,292.0,272.0,252.0,232.0,212.0,192.0,172.0,152.0,132.0,112.0,92.0
473,scalability,1.0,others,453.0,433.0,413.0,393.0,373.0,353.0,333.0,313.0,293.0,273.0,253.0,233.0,213.0,193.0,173.0,153.0,133.0,113.0,93.0
474,IT-business alignment,1.0,others,454.0,434.0,414.0,394.0,374.0,354.0,334.0,314.0,294.0,274.0,254.0,234.0,214.0,194.0,174.0,154.0,134.0,114.0,94.0
475,digital acceleration,1.0,others,455.0,435.0,415.0,395.0,375.0,355.0,335.0,315.0,295.0,275.0,255.0,235.0,215.0,195.0,175.0,155.0,135.0,115.0,95.0
476,digital mobilization,1.0,others,456.0,436.0,416.0,396.0,376.0,356.0,336.0,316.0,296.0,276.0,256.0,236.0,216.0,196.0,176.0,156.0,136.0,116.0,96.0
477,innovation readiness,1.0,others,457.0,437.0,417.0,397.0,377.0,357.0,337.0,317.0,297.0,277.0,257.0,237.0,217.0,197.0,177.0,157.0,137.0,117.0,97.0
478,organizational ambidexterity,1.0,others,458.0,438.0,418.0,398.0,378.0,358.0,338.0,318.0,298.0,278.0,258.0,238.0,218.0,198.0,178.0,158.0,138.0,118.0,98.0
479,technology assimilation,1.0,others,459.0,439.0,419.0,399.0,379.0,359.0,339.0,319.0,299.0,279.0,259.0,239.0,219.0,199.0,179.0,159.0,139.0,119.0,99.0
480,big data,1.0,data_and_analytics,460.0,440.0,420.0,400.0,380.0,360.0,340.0,320.0,300.0,280.0,260.0,240.0,220.0,200.0,180.0,160.0,140.0,120.0,100.0
481,big data analytics,1.0,data_and_analytics,461.0,441.0,421.0,401.0,381.0,361.0,341.0,321.0,301.0,281.0,261.0,241.0,221.0,201.0,181.0,161.0,141.0,121.0,101.0
482,data analytics capabilities,1.0,data_and_analytics,462.0,442.0,422.0,402.0,382.0,362.0,342.0,322.0,302.0,282.0,262.0,242.0,222.0,202.0,182.0,162.0,142.0,122.0,102.0
483,data lake,1.0,data_and_analytics,463.0,443.0,423.0,403.0,383.0,363.0,343.0,323.0,303.0,283.0,263.0,243.0,223.0,203.0,183.0,163.0,143.0,123.0,103.0
484,IoT,1.0,others,464.0,444.0,424.0,404.0,384.0,364.0,344.0,324.0,304.0,284.0,264.0,244.0,224.0,204.0,184.0,164.0,144.0,124.0,104.0
485,Internet of Things,1.0,others,465.0,445.0,425.0,405.0,385.0,365.0,345.0,325.0,305.0,285.0,265.0,245.0,225.0,205.0,185.0,165.0,145.0,125.0,105.0
486,5G,1.0,others,466.0,446.0,426.0,406.0,386.0,366.0,346.0,326.0,306.0,286.0,266.0,246.0,226.0,206.0,186.0,166.0,146.0,126.0,106.0
487,SMACIT,1.0,others,467.0,447.0,427.0,407.0,387.0,367.0,347.0,327.0,307.0,287.0,267.0,247.0,227.0,207.0,187.0,167.0,147.0,127.0,107.0
488,social technologies,1.0,others,468.0,448.0,428.0,408.0,388.0,368.0,348.0,328.0,308.0,288.0,268.0,248.0,228.0,208.0,188.0,168.0,148.0,128.0,108.0
489,mobile technologies,1.0,others,469.0,449.0,429.0,409.0,389.0,369.0,349.0,329.0,309.0,289.0,269.0,249.0,229.0,209.0,189.0,169.0,149.0,129.0,109.0
490,analytics,1.0,data_and_analytics,470.0,450.0,430.0,410.0,390.0,370.0,350.0,330.0,310.0,290.0,270.0,250.0,230.0,210.0,190.0,170.0,150.0,130.0,110.0
491,cloud,1.0,digital_infrastructure,471.0,451.0,431.0,411.0,391.0,371.0,351.0,331.0,311.0,291.0,271.0,251.0,231.0,211.0,191.0,171.0,151.0,131.0,111.0
492,edge computing,1.0,digital_infrastructure,472.0,452.0,432.0,412.0,392.0,372.0,352.0,332.0,312.0,292.0,272.0,252.0,232.0,212.0,192.0,172.0,152.0,132.0,112.0
493,API economy,1.0,digital_infrastructure,473.0,453.0,433.0,413.0,393.0,373.0,353.0,333.0,313.0,293.0,273.0,253.0,233.0,213.0,193.0,173.0,153.0,133.0,113.0
494,microservices,1.0,digital_infrastructure,474.0,454.0,434.0,414.0,394.0,374.0,354.0,334.0,314.0,294.0,274.0,254.0,234.0,214.0,194.0,174.0,154.0,134.0,114.0
495,generative technologies,1.0,others,475.0,455.0,435.0,415.0,395.0,375.0,355.0,335.0,315.0,295.0,275.0,255.0,235.0,215.0,195.0,175.0,155.0,135.0,115.0
496,intelligent systems,1.0,others,476.0,456.0,436.0,416.0,396.0,376.0,356.0,336.0,316.0,296.0,276.0,256.0,236.0,216.0,196.0,176.0,156.0,136.0,116.0
497,decision support systems,1.0,others,477.0,457.0,437.0,417.0,397.0,377.0,357.0,337.0,317.0,297.0,277.0,257.0,237.0,217.0,197.0,177.0,157.0,137.0,117.0
498,sensor networks,1.0,others,478.0,458.0,438.0,418.0,398.0,378.0,358.0,338.0,318.0,298.0,278.0,258.0,238.0,218.0,198.0,178.0,158.0,138.0,118.0
499,agile culture,1.0,organizational_architecture,479.0,459.0,439.0,419.0,399.0,379.0,359.0,339.0,319.0,299.0,279.0,259.0,239.0,219.0,199.0,179.0,159.0,139.0,119.0
500,digital culture,1.0,organizational_architecture,480.0,460.0,440.0,420.0,400.0,380.0,360.0,340.0,320.0,300.0,280.0,260.0,240.0,220.0,200.0,180.0,160.0,140.0,120.0
501,digital mindset,1.0,others,481.0,461.0,441.0,421.0,401.0,381.0,361.0,341.0,321.0,301.0,281.0,261.0,241.0,221.0,201.0,181.0,161.0,141.0,121.0
502,tech-savvy leadership,1.0,others,482.0,462.0,442.0,422.0,402.0,382.0,362.0,342.0,322.0,302.0,282.0,262.0,242.0,222.0,202.0,182.0,162.0,142.0,122.0
503,adaptive leadership,1.0,others,483.0,463.0,443.0,423.0,403.0,383.0,363.0,343.0,323.0,303.0,283.0,263.0,243.0,223.0,203.0,183.0,163.0,143.0,123.0
504,change readiness,1.0,others,484.0,464.0,444.0,424.0,404.0,384.0,364.0,344.0,324.0,304.0,284.0,264.0,244.0,224.0,204.0,184.0,164.0,144.0,124.0
505,permeable organizations,1.0,organizational_architecture,485.0,465.0,445.0,425.0,405.0,385.0,365.0,345.0,325.0,305.0,285.0,265.0,245.0,225.0,205.0,185.0,165.0,145.0,125.0
506,boundaryless organizations,1.0,others,486.0,466.0,446.0,426.0,406.0,386.0,366.0,346.0,326.0,306.0,286.0,266.0,246.0,226.0,206.0,186.0,166.0,146.0,126.0
507,holacracy,1.0,organizational_architecture,487.0,467.0,447.0,427.0,407.0,387.0,367.0,347.0,327.0,307.0,287.0,267.0,247.0,227.0,207.0,187.0,167.0,147.0,127.0
508,digital-native,1.0,others,488.0,468.0,448.0,428.0,408.0,388.0,368.0,348.0,328.0,308.0,288.0,268.0,248.0,228.0,208.0,188.0,168.0,148.0,128.0
509,post-bureaucratic structures,1.0,organizational_architecture,489.0,469.0,449.0,429.0,409.0,389.0,369.0,349.0,329.0,309.0,289.0,269.0,249.0,229.0,209.0,189.0,169.0,149.0,129.0
510,remote workforce,1.0,others,490.0,470.0,450.0,430.0,410.0,390.0,370.0,350.0,330.0,310.0,290.0,270.0,250.0,230.0,210.0,190.0,170.0,150.0,130.0
511,distributed teams,1.0,others,491.0,471.0,451.0,431.0,411.0,391.0,371.0,351.0,331.0,311.0,291.0,271.0,251.0,231.0,211.0,191.0,171.0,151.0,131.0
512,virtual collaboration,1.0,others,492.0,472.0,452.0,432.0,412.0,392.0,372.0,352.0,332.0,312.0,292.0,272.0,252.0,232.0,212.0,192.0,172.0,152.0,132.0
513,cross-functional teams,1.0,organizational_architecture,493.0,473.0,453.0,433.0,413.0,393.0,373.0,353.0,333.0,313.0,293.0,273.0,253.0,233.0,213.0,193.0,173.0,153.0,133.0
514,digital business models,1.0,business_model,494.0,474.0,454.0,434.0,414.0,394.0,374.0,354.0,334.0,314.0,294.0,274.0,254.0,234.0,214.0,194.0,174.0,154.0,134.0
515,servitization,1.0,others,495.0,475.0,455.0,435.0,415.0,395.0,375.0,355.0,335.0,315.0,295.0,275.0,255.0,235.0,215.0,195.0,175.0,155.0,135.0
516,as-a-service models,1.0,others,496.0,476.0,456.0,436.0,416.0,396.0,376.0,356.0,336.0,316.0,296.0,276.0,256.0,236.0,216.0,196.0,176.0,156.0,136.0
517,data-as-a-service,1.0,others,497.0,477.0,457.0,437.0,417.0,397.0,377.0,357.0,337.0,317.0,297.0,277.0,257.0,237.0,217.0,197.0,177.0,157.0,137.0
518,ecosystem orchestration,1.0,others,498.0,478.0,458.0,438.0,418.0,398.0,378.0,358.0,338.0,318.0,298.0,278.0,258.0,238.0,218.0,198.0,178.0,158.0,138.0
519,value co-creation,1.0,others,499.0,479.0,459.0,439.0,419.0,399.0,379.0,359.0,339.0,319.0,299.0,279.0,259.0,239.0,219.0,199.0,179.0,159.0,139.0
520,freemium,1.0,others,500.0,480.0,460.0,440.0,420.0,400.0,380.0,360.0,340.0,320.0,300.0,280.0,260.0,240.0,220.0,200.0,180.0,160.0,140.0
521,modular offerings,1.0,others,501.0,481.0,461.0,441.0,421.0,401.0,381.0,361.0,341.0,321.0,301.0,281.0,261.0,241.0,221.0,201.0,181.0,161.0,141.0
522,smart products,1.0,others,502.0,482.0,462.0,442.0,422.0,402.0,382.0,362.0,342.0,322.0,302.0,282.0,262.0,242.0,222.0,202.0,182.0,162.0,142.0
523,connected products,1.0,others,503.0,483.0,463.0,443.0,423.0,403.0,383.0,363.0,343.0,323.0,303.0,283.0,263.0,243.0,223.0,203.0,183.0,163.0,143.0
524,customized products,1.0,others,504.0,484.0,464.0,444.0,424.0,404.0,384.0,364.0,344.0,324.0,304.0,284.0,264.0,244.0,224.0,204.0,184.0,164.0,144.0
525,digital services,1.0,others,505.0,485.0,465.0,445.0,425.0,405.0,385.0,365.0,345.0,325.0,305.0,285.0,265.0,245.0,225.0,205.0,185.0,165.0,145.0
526,subscription models,1.0,business_model,506.0,486.0,466.0,446.0,426.0,406.0,386.0,366.0,346.0,326.0,306.0,286.0,266.0,246.0,226.0,206.0,186.0,166.0,146.0
527,digital channels,1.0,others,507.0,487.0,467.0,447.0,427.0,407.0,387.0,367.0,347.0,327.0,307.0,287.0,267.0,247.0,227.0,207.0,187.0,167.0,147.0
528,digital ecosystems,1.0,others,508.0,488.0,468.0,448.0,428.0,408.0,388.0,368.0,348.0,328.0,308.0,288.0,268.0,248.0,228.0,208.0,188.0,168.0,148.0
529,business ecosystems,1.0,others,509.0,489.0,469.0,449.0,429.0,409.0,389.0,369.0,349.0,329.0,309.0,289.0,269.0,249.0,229.0,209.0,189.0,169.0,149.0
530,digital business ecosystems,1.0,others,510.0,490.0,470.0,450.0,430.0,410.0,390.0,370.0,350.0,330.0,310.0,290.0,270.0,250.0,230.0,210.0,190.0,170.0,150.0
531,ecosystem integration,1.0,others,511.0,491.0,471.0,451.0,431.0,411.0,391.0,371.0,351.0,331.0,311.0,291.0,271.0,251.0,231.0,211.0,191.0,171.0,151.0
532,ecosystem strategy,1.0,others,512.0,492.0,472.0,452.0,432.0,412.0,392.0,372.0,352.0,332.0,312.0,292.0,272.0,252.0,232.0,212.0,192.0,172.0,152.0
533,partner networks,1.0,others,513.0,493.0,473.0,453.0,433.0,413.0,393.0,373.0,353.0,333.0,313.0,293.0,273.0,253.0,233.0,213.0,193.0,173.0,153.0
534,open APIs,1.0,others,514.0,494.0,474.0,454.0,434.0,414.0,394.0,374.0,354.0,334.0,314.0,294.0,274.0,254.0,234.0,214.0,194.0,174.0,154.0
535,interoperability,1.0,others,515.0,495.0,475.0,455.0,435.0,415.0,395.0,375.0,355.0,335.0,315.0,295.0,275.0,255.0,235.0,215.0,195.0,175.0,155.0
536,network orchestration,1.0,others,516.0,496.0,476.0,456.0,436.0,416.0,396.0,376.0,356.0,336.0,316.0,296.0,276.0,256.0,236.0,216.0,196.0,176.0,156.0
537,value networks,1.0,others,517.0,497.0,477.0,457.0,437.0,417.0,397.0,377.0,357.0,337.0,317.0,297.0,277.0,257.0,237.0,217.0,197.0,177.0,157.0
538,collaborative innovation,1.0,others,518.0,498.0,478.0,458.0,438.0,418.0,398.0,378.0,358.0,338.0,318.0,298.0,278.0,258.0,238.0,218.0,198.0,178.0,158.0
539,open innovation,1.0,others,519.0,499.0,479.0,459.0,439.0,419.0,399.0,379.0,359.0,339.0,319.0,299.0,279.0,259.0,239.0,219.0,199.0,179.0,159.0
540,crowdsourcing,1.0,others,520.0,500.0,480.0,460.0,440.0,420.0,400.0,380.0,360.0,340.0,320.0,300.0,280.0,260.0,240.0,220.0,200.0,180.0,160.0
541,start-up partnerships,1.0,others,521.0,501.0,481.0,461.0,441.0,421.0,401.0,381.0,361.0,341.0,321.0,301.0,281.0,261.0,241.0,221.0,201.0,181.0,161.0
542,venture ecosystems,1.0,others,522.0,502.0,482.0,462.0,442.0,422.0,402.0,382.0,362.0,342.0,322.0,302.0,282.0,262.0,242.0,222.0,202.0,182.0,162.0
543,digital convergence,1.0,others,523.0,503.0,483.0,463.0,443.0,423.0,403.0,383.0,363.0,343.0,323.0,303.0,283.0,263.0,243.0,223.0,203.0,183.0,163.0
544,real-time interaction,1.0,others,524.0,504.0,484.0,464.0,444.0,424.0,404.0,384.0,364.0,344.0,324.0,304.0,284.0,264.0,244.0,224.0,204.0,184.0,164.0
545,context-aware services,1.0,others,525.0,505.0,485.0,465.0,445.0,425.0,405.0,385.0,365.0,345.0,325.0,305.0,285.0,265.0,245.0,225.0,205.0,185.0,165.0
546,mass customization,1.0,others,526.0,506.0,486.0,466.0,446.0,426.0,406.0,386.0,366.0,346.0,326.0,306.0,286.0,266.0,246.0,226.0,206.0,186.0,166.0
547,virtual business processes,1.0,others,527.0,507.0,487.0,467.0,447.0,427.0,407.0,387.0,367.0,347.0,327.0,307.0,287.0,267.0,247.0,227.0,207.0,187.0,167.0
548,real-time dashboards,1.0,digital_operations,528.0,508.0,488.0,468.0,448.0,428.0,408.0,388.0,368.0,348.0,328.0,308.0,288.0,268.0,248.0,228.0,208.0,188.0,168.0
549,smart operations,1.0,digital_operations,529.0,509.0,489.0,469.0,449.0,429.0,409.0,389.0,369.0,349.0,329.0,309.0,289.0,269.0,249.0,229.0,209.0,189.0,169.0
550,digital operations,1.0,digital_operations,530.0,510.0,490.0,470.0,450.0,430.0,410.0,390.0,370.0,350.0,330.0,310.0,290.0,270.0,250.0,230.0,210.0,190.0,170.0
551,operational transparency,1.0,digital_operations,531.0,511.0,491.0,471.0,451.0,431.0,411.0,391.0,371.0,351.0,331.0,311.0,291.0,271.0,251.0,231.0,211.0,191.0,171.0
552,information security,2.0,others,532.0,512.0,492.0,472.0,452.0,432.0,412.0,392.0,372.0,352.0,332.0,312.0,292.0,272.0,252.0,232.0,212.0,192.0,172.0
553,data privacy,2.0,others,533.0,513.0,493.0,473.0,453.0,433.0,413.0,393.0,373.0,353.0,333.0,313.0,293.0,273.0,253.0,233.0,213.0,193.0,173.0
554,GDPR,1.0,others,534.0,514.0,494.0,474.0,454.0,434.0,414.0,394.0,374.0,354.0,334.0,314.0,294.0,274.0,254.0,234.0,214.0,194.0,174.0
555,network security,2.0,others,535.0,515.0,495.0,475.0,455.0,435.0,415.0,395.0,375.0,355.0,335.0,315.0,295.0,275.0,255.0,235.0,215.0,195.0,175.0
556,zero trust architecture,1.0,others,536.0,516.0,496.0,476.0,456.0,436.0,416.0,396.0,376.0,356.0,336.0,316.0,296.0,276.0,256.0,236.0,216.0,196.0,176.0
557,digital sovereignty,1.0,others,537.0,517.0,497.0,477.0,457.0,437.0,417.0,397.0,377.0,357.0,337.0,317.0,297.0,277.0,257.0,237.0,217.0,197.0,177.0
558,regulatory frameworks,1.0,others,538.0,518.0,498.0,478.0,458.0,438.0,418.0,398.0,378.0,358.0,338.0,318.0,298.0,278.0,258.0,238.0,218.0,198.0,178.0
559,digital skills,1.0,talent_and_education,539.0,519.0,499.0,479.0,459.0,439.0,419.0,399.0,379.0,359.0,339.0,319.0,299.0,279.0,259.0,239.0,219.0,199.0,179.0
560,digital literacy,1.0,talent_and_education,540.0,520.0,500.0,480.0,460.0,440.0,420.0,400.0,380.0,360.0,340.0,320.0,300.0,280.0,260.0,240.0,220.0,200.0,180.0
561,reskilling,1.0,talent_and_education,541.0,521.0,501.0,481.0,461.0,441.0,421.0,401.0,381.0,361.0,341.0,321.0,301.0,281.0,261.0,241.0,221.0,201.0,181.0
562,upskilling,1.0,talent_and_education,542.0,522.0,502.0,482.0,462.0,442.0,422.0,402.0,382.0,362.0,342.0,322.0,302.0,282.0,262.0,242.0,222.0,202.0,182.0
563,continuous learning,1.0,others,543.0,523.0,503.0,483.0,463.0,443.0,423.0,403.0,383.0,363.0,343.0,323.0,303.0,283.0,263.0,243.0,223.0,203.0,183.0
564,future of work,1.0,talent_and_education,544.0,524.0,504.0,484.0,464.0,444.0,424.0,404.0,384.0,364.0,344.0,324.0,304.0,284.0,264.0,244.0,224.0,204.0,184.0
565,talent agility,1.0,others,545.0,525.0,505.0,485.0,465.0,445.0,425.0,405.0,385.0,365.0,345.0,325.0,305.0,285.0,265.0,245.0,225.0,205.0,185.0
566,workforce transformation,1.0,others,546.0,526.0,506.0,486.0,466.0,446.0,426.0,406.0,386.0,366.0,346.0,326.0,306.0,286.0,266.0,246.0,226.0,206.0,186.0
567,digital leadership programs,1.0,others,547.0,527.0,507.0,487.0,467.0,447.0,427.0,407.0,387.0,367.0,347.0,327.0,307.0,287.0,267.0,247.0,227.0,207.0,187.0
568,learning ecosystems,1.0,talent_and_education,548.0,528.0,508.0,488.0,468.0,448.0,428.0,408.0,388.0,368.0,348.0,328.0,308.0,288.0,268.0,248.0,228.0,208.0,188.0
569,digital academies,1.0,talent_and_education,549.0,529.0,509.0,489.0,469.0,449.0,429.0,409.0,389.0,369.0,349.0,329.0,309.0,289.0,269.0,249.0,229.0,209.0,189.0
570,green IT,1.0,others,550.0,530.0,510.0,490.0,470.0,450.0,430.0,410.0,390.0,370.0,350.0,330.0,310.0,290.0,270.0,250.0,230.0,210.0,190.0
571,carbon accounting,1.0,others,551.0,531.0,511.0,491.0,471.0,451.0,431.0,411.0,391.0,371.0,351.0,331.0,311.0,291.0,271.0,251.0,231.0,211.0,191.0
572,tech for good,1.0,others,552.0,532.0,512.0,492.0,472.0,452.0,432.0,412.0,392.0,372.0,352.0,332.0,312.0,292.0,272.0,252.0,232.0,212.0,192.0
573,digital inclusion,1.0,others,553.0,533.0,513.0,493.0,473.0,453.0,433.0,413.0,393.0,373.0,353.0,333.0,313.0,293.0,273.0,253.0,233.0,213.0,193.0
574,responsible innovation,1.0,others,554.0,534.0,514.0,494.0,474.0,454.0,434.0,414.0,394.0,374.0,354.0,334.0,314.0,294.0,274.0,254.0,234.0,214.0,194.0
575,inclusive technology,1.0,others,555.0,535.0,515.0,495.0,475.0,455.0,435.0,415.0,395.0,375.0,355.0,335.0,315.0,295.0,275.0,255.0,235.0,215.0,195.0
576,organizational change,1.0,organizational_architecture,556.0,536.0,516.0,496.0,476.0,456.0,436.0,416.0,396.0,376.0,356.0,336.0,316.0,296.0,276.0,256.0,236.0,216.0,196.0
577,episodic change,1.0,others,557.0,537.0,517.0,497.0,477.0,457.0,437.0,417.0,397.0,377.0,357.0,337.0,317.0,297.0,277.0,257.0,237.0,217.0,197.0
578,continuous change,1.0,others,558.0,538.0,518.0,498.0,478.0,458.0,438.0,418.0,398.0,378.0,358.0,338.0,318.0,298.0,278.0,258.0,238.0,218.0,198.0
579,technology impact,1.0,others,559.0,539.0,519.0,499.0,479.0,459.0,439.0,419.0,399.0,379.0,359.0,339.0,319.0,299.0,279.0,259.0,239.0,219.0,199.0
580,systemic shift,1.0,others,560.0,540.0,520.0,500.0,480.0,460.0,440.0,420.0,400.0,380.0,360.0,340.0,320.0,300.0,280.0,260.0,240.0,220.0,200.0
581,holistic co-evolution,1.0,others,561.0,541.0,521.0,501.0,481.0,461.0,441.0,421.0,401.0,381.0,361.0,341.0,321.0,301.0,281.0,261.0,241.0,221.0,201.0
582,digital ecodynamics,1.0,others,562.0,542.0,522.0,502.0,482.0,462.0,442.0,422.0,402.0,382.0,362.0,342.0,322.0,302.0,282.0,262.0,242.0,222.0,202.0
583,digital turbulence,1.0,others,563.0,543.0,523.0,503.0,483.0,463.0,443.0,423.0,403.0,383.0,363.0,343.0,323.0,303.0,283.0,263.0,243.0,223.0,203.0
584,disruption,1.0,others,564.0,544.0,524.0,504.0,484.0,464.0,444.0,424.0,404.0,384.0,364.0,344.0,324.0,304.0,284.0,264.0,244.0,224.0,204.0
585,transformation drivers,1.0,others,565.0,545.0,525.0,505.0,485.0,465.0,445.0,425.0,405.0,385.0,365.0,345.0,325.0,305.0,285.0,265.0,245.0,225.0,205.0
586,configurational theory,1.0,others,566.0,546.0,526.0,506.0,486.0,466.0,446.0,426.0,406.0,386.0,366.0,346.0,326.0,306.0,286.0,266.0,246.0,226.0,206.0
587,multilevel analysis,1.0,others,567.0,547.0,527.0,507.0,487.0,467.0,447.0,427.0,407.0,387.0,367.0,347.0,327.0,307.0,287.0,267.0,247.0,227.0,207.0
588,artificial intelligence,1.0,artificial intelligence,568.0,548.0,528.0,508.0,488.0,468.0,448.0,428.0,408.0,388.0,368.0,348.0,328.0,308.0,288.0,268.0,248.0,228.0,208.0
589,machine learning,1.0,artificial intelligence,569.0,549.0,529.0,509.0,489.0,469.0,449.0,429.0,409.0,389.0,369.0,349.0,329.0,309.0,289.0,269.0,249.0,229.0,209.0
590,autonomous agents,1.0,artificial intelligence,570.0,550.0,530.0,510.0,490.0,470.0,450.0,430.0,410.0,390.0,370.0,350.0,330.0,310.0,290.0,270.0,250.0,230.0,210.0
591,digital workforce,1.0,others,571.0,551.0,531.0,511.0,491.0,471.0,451.0,431.0,411.0,391.0,371.0,351.0,331.0,311.0,291.0,271.0,251.0,231.0,211.0
592,intelligent transformation,1.0,others,572.0,552.0,532.0,512.0,492.0,472.0,452.0,432.0,412.0,392.0,372.0,352.0,332.0,312.0,292.0,272.0,252.0,232.0,212.0
593,cloud,1.0,digital_infrastructure,573.0,553.0,533.0,513.0,493.0,473.0,453.0,433.0,413.0,393.0,373.0,353.0,333.0,313.0,293.0,273.0,253.0,233.0,213.0
594,cloud-based,1.0,digital_infrastructure,574.0,554.0,534.0,514.0,494.0,474.0,454.0,434.0,414.0,394.0,374.0,354.0,334.0,314.0,294.0,274.0,254.0,234.0,214.0
595,data monetization,1.0,data_and_analytics,575.0,555.0,535.0,515.0,495.0,475.0,455.0,435.0,415.0,395.0,375.0,355.0,335.0,315.0,295.0,275.0,255.0,235.0,215.0
596,real-time access,1.0,data_and_analytics,576.0,556.0,536.0,516.0,496.0,476.0,456.0,436.0,416.0,396.0,376.0,356.0,336.0,316.0,296.0,276.0,256.0,236.0,216.0
597,data sharing,1.0,data_and_analytics,577.0,557.0,537.0,517.0,497.0,477.0,457.0,437.0,417.0,397.0,377.0,357.0,337.0,317.0,297.0,277.0,257.0,237.0,217.0
598,wealth 360,1.0,others,578.0,558.0,538.0,518.0,498.0,478.0,458.0,438.0,418.0,398.0,378.0,358.0,338.0,318.0,298.0,278.0,258.0,238.0,218.0
599,DORA,1.0,governance_risks,579.0,559.0,539.0,519.0,499.0,479.0,459.0,439.0,419.0,399.0,379.0,359.0,339.0,319.0,299.0,279.0,259.0,239.0,219.0
600,oneid,1.0,others,580.0,560.0,540.0,520.0,500.0,480.0,460.0,440.0,420.0,400.0,380.0,360.0,340.0,320.0,300.0,280.0,260.0,240.0,220.0
601,CX,1.0,customer_experience,581.0,561.0,541.0,521.0,501.0,481.0,461.0,441.0,421.0,401.0,381.0,361.0,341.0,321.0,301.0,281.0,261.0,241.0,221.0
602,omnichannel,1.0,customer_experience,582.0,562.0,542.0,522.0,502.0,482.0,462.0,442.0,422.0,402.0,382.0,362.0,342.0,322.0,302.0,282.0,262.0,242.0,222.0
603,connected marketing,1.0,customer_experience,583.0,563.0,543.0,523.0,503.0,483.0,463.0,443.0,423.0,403.0,383.0,363.0,343.0,323.0,303.0,283.0,263.0,243.0,223.0
604,hyper-personalized advisory,1.0,others,584.0,564.0,544.0,524.0,504.0,484.0,464.0,444.0,424.0,404.0,384.0,364.0,344.0,324.0,304.0,284.0,264.0,244.0,224.0
605,personalized financial insights,1.0,others,585.0,565.0,545.0,525.0,505.0,485.0,465.0,445.0,425.0,405.0,385.0,365.0,345.0,325.0,305.0,285.0,265.0,245.0,225.0
606,interbank account data,1.0,others,586.0,566.0,546.0,526.0,506.0,486.0,466.0,446.0,426.0,406.0,386.0,366.0,346.0,326.0,306.0,286.0,266.0,246.0,226.0
607,account data sharing,1.0,data_and_analytics,587.0,567.0,547.0,527.0,507.0,487.0,467.0,447.0,427.0,407.0,387.0,367.0,347.0,327.0,307.0,287.0,267.0,247.0,227.0
608,instant payment,1.0,others,588.0,568.0,548.0,528.0,508.0,488.0,468.0,448.0,428.0,408.0,388.0,368.0,348.0,328.0,308.0,288.0,268.0,248.0,228.0
609,cross-border payments,1.0,others,589.0,569.0,549.0,529.0,509.0,489.0,469.0,449.0,429.0,409.0,389.0,369.0,349.0,329.0,309.0,289.0,269.0,249.0,229.0
610,payment hubs,1.0,others,590.0,570.0,550.0,530.0,510.0,490.0,470.0,450.0,430.0,410.0,390.0,370.0,350.0,330.0,310.0,290.0,270.0,250.0,230.0
611,remittance transformation,1.0,others,591.0,571.0,551.0,531.0,511.0,491.0,471.0,451.0,431.0,411.0,391.0,371.0,351.0,331.0,311.0,291.0,271.0,251.0,231.0
612,pos innovations,1.0,others,592.0,572.0,552.0,532.0,512.0,492.0,472.0,452.0,432.0,412.0,392.0,372.0,352.0,332.0,312.0,292.0,272.0,252.0,232.0
613,instant payments,1.0,others,593.0,573.0,553.0,533.0,513.0,493.0,473.0,453.0,433.0,413.0,393.0,373.0,353.0,333.0,313.0,293.0,273.0,253.0,233.0
614,POS innovations,1.0,others,594.0,574.0,554.0,534.0,514.0,494.0,474.0,454.0,434.0,414.0,394.0,374.0,354.0,334.0,314.0,294.0,274.0,254.0,234.0
615,payment hubs,1.0,others,595.0,575.0,555.0,535.0,515.0,495.0,475.0,455.0,435.0,415.0,395.0,375.0,355.0,335.0,315.0,295.0,275.0,255.0,235.0
616,DLT,1.0,others,596.0,576.0,556.0,536.0,516.0,496.0,476.0,456.0,436.0,416.0,396.0,376.0,356.0,336.0,316.0,296.0,276.0,256.0,236.0
617,esg,1.0,sustainability,597.0,577.0,557.0,537.0,517.0,497.0,477.0,457.0,437.0,417.0,397.0,377.0,357.0,337.0,317.0,297.0,277.0,257.0,237.0
618,green finance,1.0,sustainability,598.0,578.0,558.0,538.0,518.0,498.0,478.0,458.0,438.0,418.0,398.0,378.0,358.0,338.0,318.0,298.0,278.0,258.0,238.0
619,net zero,1.0,sustainability,599.0,579.0,559.0,539.0,519.0,499.0,479.0,459.0,439.0,419.0,399.0,379.0,359.0,339.0,319.0,299.0,279.0,259.0,239.0
620,greenwashing,1.0,sustainability,600.0,580.0,560.0,540.0,520.0,500.0,480.0,460.0,440.0,420.0,400.0,380.0,360.0,340.0,320.0,300.0,280.0,260.0,240.0
621,greenhushing,1.0,sustainability,601.0,581.0,561.0,541.0,521.0,501.0,481.0,461.0,441.0,421.0,401.0,381.0,361.0,341.0,321.0,301.0,281.0,261.0,241.0
622,decarbonization,1.0,sustainability,602.0,582.0,562.0,542.0,522.0,502.0,482.0,462.0,442.0,422.0,402.0,382.0,362.0,342.0,322.0,302.0,282.0,262.0,242.0
623,esg product strategy,1.0,sustainability,603.0,583.0,563.0,543.0,523.0,503.0,483.0,463.0,443.0,423.0,403.0,383.0,363.0,343.0,323.0,303.0,283.0,263.0,243.0
624,climate modeling,1.0,sustainability,604.0,584.0,564.0,544.0,524.0,504.0,484.0,464.0,444.0,424.0,404.0,384.0,364.0,344.0,324.0,304.0,284.0,264.0,244.0
625,dora,1.0,governance_risks,605.0,585.0,565.0,545.0,525.0,505.0,485.0,465.0,445.0,425.0,405.0,385.0,365.0,345.0,325.0,305.0,285.0,265.0,245.0
626,Equipment-as-a-Service,1.0,business_model,606.0,586.0,566.0,546.0,526.0,506.0,486.0,466.0,446.0,426.0,406.0,386.0,366.0,346.0,326.0,306.0,286.0,266.0,246.0
627,financial inclusion,1.0,business_model,607.0,587.0,567.0,547.0,527.0,507.0,487.0,467.0,447.0,427.0,407.0,387.0,367.0,347.0,327.0,307.0,287.0,267.0,247.0
628,next-gen banking,1.0,others,608.0,588.0,568.0,548.0,528.0,508.0,488.0,468.0,448.0,428.0,408.0,388.0,368.0,348.0,328.0,308.0,288.0,268.0,248.0
629,financial inclusion,1.0,business_model,609.0,589.0,569.0,549.0,529.0,509.0,489.0,469.0,449.0,429.0,409.0,389.0,369.0,349.0,329.0,309.0,289.0,269.0,249.0
630,youth banking,1.0,others,610.0,590.0,570.0,550.0,530.0,510.0,490.0,470.0,450.0,430.0,410.0,390.0,370.0,350.0,330.0,310.0,290.0,270.0,250.0
631,greenlight,1.0,others,611.0,591.0,571.0,551.0,531.0,511.0,491.0,471.0,451.0,431.0,411.0,391.0,371.0,351.0,331.0,311.0,291.0,271.0,251.0
632,starter credit cards,1.0,others,612.0,592.0,572.0,552.0,532.0,512.0,492.0,472.0,452.0,432.0,412.0,392.0,372.0,352.0,332.0,312.0,292.0,272.0,252.0
633,family app,1.0,others,613.0,593.0,573.0,553.0,533.0,513.0,493.0,473.0,453.0,433.0,413.0,393.0,373.0,353.0,333.0,313.0,293.0,273.0,253.0
634,financial education,1.0,others,614.0,594.0,574.0,554.0,534.0,514.0,494.0,474.0,454.0,434.0,414.0,394.0,374.0,354.0,334.0,314.0,294.0,274.0,254.0
635,money skills,1.0,talent_and_education,615.0,595.0,575.0,555.0,535.0,515.0,495.0,475.0,455.0,435.0,415.0,395.0,375.0,355.0,335.0,315.0,295.0,275.0,255.0
